campaign_id,user_id,payment,updated,created_x,isUnpublished,isDeleted,isDraft,isApproved,isPublic,published,cash.available,cash.budget,product.available,product.budget,royalty.available,royalty.budget,equity.available,equity.budget,created_y,planLevel,lastActive,companySize,country,published_status,continued
61269b87fd44e10d880dd983,61269342b9e1180d61686d9a,"{'cash': {'available': True, 'budget': 5000, 'minBudget': 100}, 'product': {'available': False, 'budget': 100}, 'royalty': {'available': False, 'budget': 10}, 'equity': {'available': False, 'budget': 10}}",2021-08-25 19:38:00,2021-08-25 19:35:00,False,False,True,False,False,,True,5000,False,100,False,10.0,False,10.0,2021-08-25 19:00:00,0,2021-08-25 19:38:00,10 - 49 employees,United States,False,
60c810edba9bff0d35f14179,60c80e784857720d47bba912,"{'cash': {'available': True, 'budget': 2000, 'minBudget': 500}, 'product': {'available': True, 'budget': 5100, 'requestCC': False}, 'royalty': {'available': False, 'budget': 0}, 'equity': {'available': False, 'budget': 0}, 'mediaProduction': True}",2021-06-15 02:53:00,2021-06-15 02:31:00,False,False,True,False,False,,True,2000,True,5100,False,0.0,False,0.0,2021-06-15 02:20:00,0,2021-07-12 23:29:00,less than 10 employees,United States,False,
613657f332d7960d67273b2e,60897d99fa40140d62906a1c,"{'cash': {'available': True, 'budget': 10000, 'minBudget': 100}, 'product': {'available': True, 'budget': 2500, 'requestCC': False}, 'royalty': {'available': True, 'budget': 3}, 'equity': {'available': False, 'budget': 3}, 'mediaProduction': True}",2021-09-27 15:35:00,2021-09-06 18:03:00,False,False,False,True,True,2021-09-27 15:35:00,True,10000,True,2500,True,3.0,False,3.0,2021-04-28 15:22:00,0,2021-09-30 17:11:00,less than 10 employees,United States,True,0 days 00:00:00
60b113c13df7b50d73721d1d,60b10f2544ab5f0d80fdcbe2,"{'cash': {'available': True, 'budget': 5000}, 'product': {'available': False, 'budget': 0, 'requestCC': False}, 'royalty': {'available': False, 'budget': 0}, 'equity': {'available': False, 'budget': 0}}",2021-05-28 16:10:00,2021-05-28 16:01:00,False,False,True,False,False,,True,5000,False,0,False,0.0,False,0.0,2021-05-28 15:41:00,1,2021-07-28 12:46:00,less than 10 employees,United States,False,
60e4800a4d9ca6124ae63b4f,60e4673b5e3f8b6eee44c509,"{'equity': {'budget': 0, 'available': False}, 'royalty': {'budget': 0, 'available': False}, 'product': {'budget': 2500, 'available': True, 'requestCC': False}, 'cash': {'budget': 1000, 'available': True, 'minBudget': 25}}",2021-07-06 16:21:00,2021-07-06 16:08:00,False,False,True,False,False,,True,1000,True,2500,False,0.0,False,0.0,2021-07-06 14:22:00,2,2021-07-13 16:49:00,less than 10 employees,United States,False,
5de0f246e1ac860dd7bb0402,5de0f0f7494da30d9012b9cc,"{'cash': {'available': True, 'budget': 5000}, 'product': {'available': False, 'budget': 100, 'requestCC': False}, 'royalty': {'available': False, 'budget': 10}, 'equity': {'available': False, 'budget': 10}}",2019-11-29 10:34:00,2019-11-29 10:26:00,False,False,True,False,False,,True,5000,False,100,False,10.0,False,10.0,2019-11-29 10:20:00,0,2019-11-29 10:35:00,Not Indicated,India,False,
5d503ebe8d85a420e9aeba91,5d4ef5f7e84bc82bc144ed4c,"{'cash': {'available': True, 'budget': 1300}, 'product': {'available': True, 'budget': ''}, 'royalty': {'available': False, 'budget': 0.1}, 'equity': {'available': False, 'budget': 0}}",2019-08-11 16:24:00,2019-08-11 16:13:00,False,False,True,False,False,,True,1300,True,,False,0.1,False,0.0,2019-08-10 16:51:00,0,2019-10-07 19:39:00,Not Indicated,United States,False,
5f9c4ec230f7cb0d647d86d0,5f5692666881dc0d56f8d904,"{'cash': {'available': True, 'budget': 1500}, 'product': {'available': False, 'budget': '', 'requestCC': False}, 'royalty': {'available': False, 'budget': 0}, 'equity': {'available': False, 'budget': 0}}",2020-10-30 20:33:00,2020-10-30 17:34:00,False,False,True,False,False,,True,1500,False,,False,0.0,False,0.0,2020-09-07 20:04:00,0,2021-01-08 16:41:00,10 - 49 employees,United States,False,
5fa031a28c7c7f0d56f3c7d6,5f5692666881dc0d56f8d904,"{'cash': {'available': True, 'budget': 1500}, 'product': {'available': False, 'budget': '', 'requestCC': False}, 'royalty': {'available': False, 'budget': 0}, 'equity': {'available': False, 'budget': 0}}",2020-11-02 16:24:00,2020-11-02 16:19:00,False,False,True,False,False,,True,1500,False,,False,0.0,False,0.0,2020-09-07 20:04:00,0,2021-01-08 16:41:00,10 - 49 employees,United States,False,
5fa0310e57f69c0d5b2920af,5f5692666881dc0d56f8d904,"{'cash': {'available': True, 'budget': 1500}, 'product': {'available': False, 'budget': '', 'requestCC': False}, 'royalty': {'available': False, 'budget': 0}, 'equity': {'available': False, 'budget': 0}}",2020-11-02 16:17:00,2020-11-02 16:17:00,False,False,True,False,False,,True,1500,False,,False,0.0,False,0.0,2020-09-07 20:04:00,0,2021-01-08 16:41:00,10 - 49 employees,United States,False,
5f5fcb1766fffa728b843b7b,5f5692666881dc0d56f8d904,"{'cash': {'available': True, 'budget': 500}, 'product': {'available': True, 'budget': 200}, 'royalty': {'available': False, 'budget': 0}, 'equity': {'available': False, 'budget': 0}}",2020-09-14 19:59:00,2020-09-14 19:57:00,True,False,False,True,False,2020-09-14 19:59:00,True,500,True,200,False,0.0,False,0.0,2020-09-07 20:04:00,0,2021-01-08 16:41:00,10 - 49 employees,United States,True,0 days 00:00:00
6088777eeeff5e6888c524c6,5fdcf6e04707310d661467ec,"{'cash': {'available': True, 'budget': 3000, 'minBudget': 100}, 'product': {'available': True, 'budget': 55, 'requestCC': False}, 'royalty': {'available': False, 'budget': 10}, 'equity': {'available': False, 'budget': 10}}",2021-04-27 20:43:00,2021-04-27 20:43:00,True,False,False,True,False,2021-04-27 23:24:00,True,3000,True,55,False,10.0,False,10.0,2020-12-18 18:37:00,0,2021-06-04 17:42:00,50 - 249 employees,Not Indicated,True,-1 days +21:19:00
5ec7d880e08f190dee8a7609,5ec7c61c965f420dcd51bc4e,"{'cash': {'available': True, 'budget': 5000}, 'product': {'available': True, 'budget': 5000}, 'royalty': {'available': False, 'budget': 0}, 'equity': {'available': True, 'budget': 0}}",2020-05-22 13:51:00,2020-05-22 13:49:00,True,False,False,False,False,2020-05-26 12:10:00,True,5000,True,5000,False,0.0,True,0.0,2020-05-22 12:31:00,0,2021-02-20 11:24:00,Not Indicated,United States,True,-4 days +01:41:00
5d89366312f02b0dab8f802e,5d7113d5c3cec45dc2e8a516,"{'cash': {'available': True, 'budget': 15000}, 'product': {'available': True, 'budget': 130}, 'royalty': {'available': False, 'budget': 10}, 'equity': {'available': False, 'budget': 10}}",2019-09-24 15:20:00,2019-09-23 21:17:00,True,False,False,False,False,2019-09-24 15:20:00,True,15000,True,130,False,10.0,False,10.0,2019-09-05 13:55:00,1,2021-02-19 18:22:00,Not Indicated,United States,True,0 days 00:00:00
5f57f3349431f20d8c931276,5d7113d5c3cec45dc2e8a516,"{'cash': {'available': True, 'budget': 15000}, 'product': {'available': True, 'budget': 110}, 'royalty': {'available': False, 'budget': 10}, 'equity': {'available': False, 'budget': 10}}",2020-09-08 21:13:00,2020-09-08 21:10:00,True,False,False,True,False,2020-09-08 21:13:00,True,15000,True,110,False,10.0,False,10.0,2019-09-05 13:55:00,1,2021-02-19 18:22:00,Not Indicated,United States,True,0 days 00:00:00
5f883cec9ca4b70d7742621a,5f802a0beff65c0d5aced2a6,"{'cash': {'available': True, 'budget': 23000}, 'product': {'available': False, 'budget': 100, 'requestCC': False}, 'royalty': {'available': False, 'budget': 10}, 'equity': {'available': True, 'budget': 10}, 'mediaProduction': True}",2020-10-15 12:28:00,2020-10-15 12:13:00,False,False,True,False,False,,True,23000,False,100,False,10.0,True,10.0,2020-10-09 09:14:00,0,2020-10-15 12:28:00,Not Indicated,Sweden,False,
60e9253a06ea520d8988b731,60c2386258682e0d8afb3f5a,"{'cash': {'available': True, 'budget': 5000}, 'product': {'available': True, 'budget': 250, 'requestCC': False}, 'royalty': {'available': False, 'budget': 0}, 'equity': {'available': False, 'budget': 0}}",2021-07-10 05:09:00,2021-07-10 04:42:00,False,False,True,False,False,,True,5000,True,250,False,0.0,False,0.0,2021-06-10 16:05:00,0,2021-07-12 20:46:00,less than 10 employees,United States,False,
5e42c940c4031d0dd58488d7,5e3983c56ae7320db9ae57a0,"{'cash': {'available': True, 'budget': 3000}, 'product': {'available': True, 'budget': 130}, 'royalty': {'available': False, 'budget': 0}, 'equity': {'available': False, 'budget': 0}}",2020-02-13 17:26:00,2020-02-11 15:33:00,True,False,False,False,False,2020-02-13 17:26:00,True,3000,True,130,False,0.0,False,0.0,2020-02-04 14:46:00,0,2020-06-01 20:09:00,Not Indicated,United States,True,0 days 00:00:00
5e522c74757d110de68a6e5c,5e5221f5286ca80d9cc85922,"{'cash': {'available': True, 'budget': 1000}, 'product': {'available': True, 'budget': 100}, 'royalty': {'available': True, 'budget': 70.4}, 'equity': {'available': True, 'budget': 70.8}}",2020-02-23 07:59:00,2020-02-23 07:40:00,False,False,True,False,False,,True,1000,True,100,True,70.4,True,70.8,2020-02-23 06:55:00,0,2020-02-23 07:59:00,Not Indicated,India,False,
607436ce2b2f590d74e2aa62,603c9e595557ba0d6a819a8c,"{'cash': {'available': True, 'budget': 500, 'minBudget': 500}, 'product': {'available': False, 'budget': 100, 'requestCC': False}, 'royalty': {'available': False, 'budget': 10}, 'equity': {'available': False, 'budget': 10}}",2021-04-12 12:03:00,2021-04-12 12:02:00,False,False,False,True,True,2021-04-12 12:03:00,True,500,False,100,False,10.0,False,10.0,2021-03-01 07:57:00,3,2021-11-02 08:11:00,1000+ employees,South Africa,True,0 days 00:00:00
613f67848a31370d95d130fc,603c9e595557ba0d6a819a8c,"{'cash': {'available': True, 'budget': 1000, 'minBudget': 100}, 'product': {'available': True, 'budget': 1000, 'requestCC': False}, 'royalty': {'available': False, 'budget': 10}, 'equity': {'available': False, 'budget': 10}}",2021-09-28 18:57:00,2021-09-13 15:00:00,False,False,False,True,True,2021-09-28 18:57:00,True,1000,True,1000,False,10.0,False,10.0,2021-03-01 07:57:00,3,2021-11-02 08:11:00,1000+ employees,South Africa,True,0 days 00:00:00
5ea61b77815eab0dc9a7b9f9,5ea61a71c7f3e50dbf0c8418,"{'cash': {'available': True, 'budget': 5000}, 'product': {'available': False, 'budget': 100}, 'royalty': {'available': False, 'budget': 10}, 'equity': {'available': False, 'budget': 10}}",2020-04-26 23:40:00,2020-04-26 23:38:00,False,False,True,False,False,,True,5000,False,100,False,10.0,False,10.0,2020-04-26 23:34:00,0,2020-04-27 14:29:00,Not Indicated,United States,False,
5fbbfd26f331840d589a9220,5fbbfb299b436a0d44063a34,"{'cash': {'available': True, 'budget': 1000}, 'product': {'available': True, 'budget': 100, 'requestCC': False}, 'royalty': {'available': False, 'budget': 10}, 'equity': {'available': False, 'budget': 10}}",2020-11-23 18:25:00,2020-11-23 18:19:00,False,False,True,False,False,,True,1000,True,100,False,10.0,False,10.0,2020-11-23 18:10:00,0,2020-11-23 18:24:00,less than 10 employees,United States,False,
5edf0b9a6889d30dbffec949,5edf0aca1e80790df4437081,"{'cash': {'available': True, 'budget': 5000}, 'product': {'available': False, 'budget': 100}, 'royalty': {'available': False, 'budget': 10}, 'equity': {'available': False, 'budget': 10}}",2020-06-09 04:10:00,2020-06-09 04:10:00,False,False,True,False,False,,True,5000,False,100,False,10.0,False,10.0,2020-06-09 04:06:00,0,2020-06-09 04:10:00,Not Indicated,Not Indicated,False,
5d1a7e1268002a50c7956e7f,5d1652279193297b8fe51a9e,"{'cash': {'available': True, 'budget': 250}, 'product': {'available': True, 'budget': 30}, 'royalty': {'available': False, 'budget': 10}, 'equity': {'available': False, 'budget': 10}}",2019-08-31 21:20:00,2019-07-01 21:41:00,True,False,False,False,False,2019-07-09 18:25:00,True,250,True,30,False,10.0,False,10.0,2019-06-28 17:45:00,0,2020-04-06 14:50:00,Not Indicated,United States,True,53 days 02:55:00
5c4892a794f2a315d7502358,5c488f5e94f2a315d7501ffe,"{'equity': {'budget': 10, 'available': False}, 'royalty': {'budget': 10, 'available': False}, 'product': {'budget': 1, 'available': False}, 'cash': {'budget': 70200, 'available': True}}",2019-01-23 16:20:00,2019-01-23 16:13:00,False,False,True,False,False,,True,70200,False,1,False,10.0,False,10.0,2019-01-23 15:59:00,0,2019-01-23 16:16:00,Not Indicated,United States,False,
5d9bee929c30d60d9dd1d868,5d02ca27f82afd47702d684b,"{'cash': {'available': True, 'budget': 2500}, 'product': {'available': True, 'budget': 100}, 'royalty': {'available': False, 'budget': 10}, 'equity': {'available': False, 'budget': 10}}",2019-10-08 02:06:00,2019-10-08 02:04:00,False,False,True,False,False,,True,2500,True,100,False,10.0,False,10.0,2019-06-13 22:11:00,0,2020-10-08 15:01:00,Not Indicated,Not Indicated,False,
5f1cef313c1cd10de66f01f1,5f1ce9fd3c1cd10de66eff19,"{'equity': {'budget': 0, 'available': False}, 'royalty': {'budget': 0, 'available': False}, 'product': {'budget': '', 'available': True}, 'cash': {'budget': 5000, 'available': True}}",2020-08-01 05:35:00,2020-07-26 02:49:00,True,False,False,True,False,2020-08-01 05:35:00,True,5000,True,,False,0.0,False,0.0,2020-07-26 02:27:00,0,2020-08-03 19:58:00,Not Indicated,United States,True,0 days 00:00:00
5ede52589c0e680da1ea3d50,5ede4c8496c56a0dceceabc7,"{'cash': {'available': True, 'budget': 100}, 'product': {'available': False, 'budget': 100, 'requestCC': True}, 'royalty': {'available': False, 'budget': 10}, 'equity': {'available': False, 'budget': 0}}",2020-06-26 18:52:00,2020-06-08 14:59:00,True,False,False,True,False,2020-06-26 18:52:00,True,100,False,100,False,10.0,False,0.0,2020-06-08 14:34:00,0,2021-02-02 00:26:00,Not Indicated,United States,True,0 days 00:00:00
5ebf5ff7f6bc7e0de3140267,5ebf5f5634cd0a0de29d782f,"{'cash': {'available': True, 'budget': 100000}, 'product': {'available': True, 'budget': 10000, 'requestCC': True}, 'royalty': {'available': True, 'budget': 11.1}, 'equity': {'available': False, 'budget': 0}}",2020-05-16 03:41:00,2020-05-16 03:37:00,True,False,False,False,False,,True,100000,True,10000,True,11.1,False,0.0,2020-05-16 03:34:00,0,2020-05-16 03:42:00,Not Indicated,Not Indicated,False,
5dfa604d871ed80dbf8eb321,5da73ff9b976f374d6ce52c1,"{'cash': {'available': True, 'budget': 20000}, 'product': {'available': True, 'budget': 250}, 'royalty': {'available': False, 'budget': 0}, 'equity': {'available': False, 'budget': 0}}",2020-02-18 21:43:00,2019-12-18 17:22:00,True,False,False,True,False,2019-12-19 20:44:00,True,20000,True,250,False,0.0,False,0.0,2019-10-16 16:06:00,0,2020-06-18 14:53:00,Not Indicated,United States,True,61 days 00:59:00
5d1a0b1dac1f562c6dc16b47,5d1a0497ac1f562c6dc1593a,"{'cash': {'available': True, 'budget': 5000}, 'product': {'available': False, 'budget': 100}, 'royalty': {'available': False, 'budget': 10}, 'equity': {'available': False, 'budget': 10}}",2019-07-01 13:31:00,2019-07-01 13:31:00,False,False,True,False,False,,True,5000,False,100,False,10.0,False,10.0,2019-07-01 13:03:00,0,2019-07-01 13:38:00,Not Indicated,India,False,
5cbe240bc4f74a168760ca75,5cbe1b7f6caeb91417a6ed09,"{'cash': {'available': True, 'budget': 100}, 'product': {'available': True, 'budget': 300, 'requestCC': True}, 'royalty': {'available': True, 'budget': 10}, 'equity': {'available': False, 'budget': 10}}",2019-04-22 20:34:00,2019-04-22 20:28:00,False,False,True,False,False,,True,100,True,300,True,10.0,False,10.0,2019-04-22 19:52:00,0,2019-04-22 20:34:00,Not Indicated,Kenya,False,
5e87453e2d8f880dbaac8ed0,5e86088331abc90ddad589eb,"{'cash': {'available': True, 'budget': 5000}, 'product': {'available': False, 'budget': 100}, 'royalty': {'available': False, 'budget': 10}, 'equity': {'available': False, 'budget': 10}}",2020-04-03 14:26:00,2020-04-03 14:16:00,False,False,True,False,False,,True,5000,False,100,False,10.0,False,10.0,2020-04-02 15:45:00,0,2021-02-24 16:31:00,Not Indicated,United States,False,
5ea2dce079fa8b0dea559008,5ea2c45079fa8b0dea5587cd,"{'cash': {'available': True, 'budget': 100}, 'product': {'available': True, 'budget': 100}, 'royalty': {'available': True, 'budget': 10}, 'equity': {'available': False, 'budget': 10}}",2020-07-10 15:09:00,2020-04-24 12:34:00,True,False,False,True,False,2020-07-10 15:09:00,True,100,True,100,True,10.0,False,10.0,2020-04-24 10:49:00,0,2021-02-23 16:51:00,Not Indicated,United Kingdom,True,0 days 00:00:00
5ee2547394253f0dd478d303,5eda6559293b0a173345aa99,"{'cash': {'available': True, 'budget': 100}, 'product': {'available': True, 'budget': 100, 'requestCC': True}, 'royalty': {'available': False, 'budget': 0}, 'equity': {'available': False, 'budget': 0}, 'mediaProduction': True}",2020-06-11 16:04:00,2020-06-11 15:57:00,False,False,False,False,True,,True,100,True,100,False,0.0,False,0.0,2020-06-05 15:31:00,0,2020-06-11 16:13:00,Not Indicated,United States,False,
609f1654140e050d7ba84534,60967fd3b79e7f0d63ccb311,"{'cash': {'available': True, 'budget': 15000, 'minBudget': 100}, 'product': {'available': False, 'budget': 100, 'requestCC': False}, 'royalty': {'available': False, 'budget': 10}, 'equity': {'available': False, 'budget': 10}}",2021-05-28 15:17:00,2021-05-15 00:31:00,False,True,True,False,False,,True,15000,False,100,False,10.0,False,10.0,2021-05-08 12:10:00,9,2021-09-22 02:51:00,less than 10 employees,United States,False,
5eeb5447541bf30db3ea8ef4,5eeb50f782b8af0dc8c7261b,"{'cash': {'available': True, 'budget': 100}, 'product': {'available': True, 'budget': 100}, 'royalty': {'available': False, 'budget': 10}, 'equity': {'available': False, 'budget': 10}}",2020-06-18 11:51:00,2020-06-18 11:47:00,False,False,False,False,True,,True,100,True,100,False,10.0,False,10.0,2020-06-18 11:33:00,0,2020-06-18 11:51:00,Not Indicated,United States,False,
5c700de22f12f1514f3311e3,5c6f1a4a3820ec239dc2f6d2,"{'cash': {'available': True, 'budget': 10000}, 'product': {'available': True, 'budget': 600}, 'royalty': {'available': True, 'budget': 7}, 'equity': {'available': False, 'budget': 10}}",2019-03-01 16:59:00,2019-02-21 21:46:00,True,False,False,False,False,2019-03-01 17:07:00,True,10000,True,600,True,7.0,False,10.0,2019-02-21 21:38:00,0,2021-04-05 12:59:00,Not Indicated,United States,True,-1 days +23:52:00
5f1f7747353f750dba18ee12,5f0fa866058a330de7cb857b,"{'cash': {'available': True, 'budget': 200}, 'product': {'available': False, 'budget': 100}, 'royalty': {'available': False, 'budget': 10}, 'equity': {'available': False, 'budget': 10}}",2020-08-10 22:32:00,2020-07-28 00:54:00,False,True,False,True,True,2020-07-29 13:03:00,True,200,False,100,False,10.0,False,10.0,2020-07-16 01:07:00,0,2021-07-28 08:50:00,50 - 249 employees,Australia,True,12 days 09:29:00
60f742c61ecc340d615f0f9b,60f73c0d69248c0d60fde6da,"{'cash': {'available': True, 'budget': 100000, 'minBudget': 100}, 'product': {'available': False, 'budget': 100, 'requestCC': False}, 'royalty': {'available': False, 'budget': 10}, 'equity': {'available': False, 'budget': 10}}",2021-08-05 21:34:00,2021-07-20 21:40:00,False,False,False,True,True,2021-08-05 21:34:00,True,100000,False,100,False,10.0,False,10.0,2021-07-20 21:11:00,3,2021-09-27 20:14:00,50 - 249 employees,United States,True,0 days 00:00:00
61395939a08c770d743ac9aa,60f73c0d69248c0d60fde6da,"{'equity': {'budget': 0, 'available': False}, 'royalty': {'budget': 0, 'available': False}, 'product': {'budget': 0, 'available': True}, 'cash': {'budget': 40000, 'available': True}}",2021-09-09 00:51:00,2021-09-09 00:45:00,False,False,False,True,True,2021-09-09 00:51:00,True,40000,True,0,False,0.0,False,0.0,2021-07-20 21:11:00,3,2021-09-27 20:14:00,50 - 249 employees,United States,True,0 days 00:00:00
5e8de5bc8fc26a0daf6f74a3,5e8de523d4536d0da893017c,"{'cash': {'available': True, 'budget': 5}, 'product': {'available': False, 'budget': 100, 'requestCC': False}, 'royalty': {'available': False, 'budget': 10}, 'equity': {'available': False, 'budget': 10}}",2020-04-08 14:59:00,2020-04-08 14:54:00,False,False,False,False,True,,True,5,False,100,False,10.0,False,10.0,2020-04-08 14:52:00,0,2020-04-08 14:59:00,Not Indicated,India,False,
5cc238d9bb08da3248286bfe,5c6713edc5e3b933270d75d8,"{'cash': {'available': True, 'budget': 500}, 'product': {'available': True, 'budget': 60}, 'royalty': {'available': False, 'budget': 9.1}, 'equity': {'available': False, 'budget': 10}}",2019-04-26 03:00:00,2019-04-25 22:46:00,True,False,False,False,False,2019-04-26 03:00:00,True,500,True,60,False,9.1,False,10.0,2019-02-15 19:33:00,0,2019-10-17 06:49:00,Not Indicated,United States,True,0 days 00:00:00
5c671656063446330653169d,5c6713edc5e3b933270d75d8,"{'cash': {'available': True, 'budget': 1000}, 'product': {'available': True, 'budget': 60}, 'royalty': {'available': True, 'budget': 10}, 'equity': {'available': False, 'budget': 10}}",2019-02-15 22:50:00,2019-02-15 19:43:00,True,False,False,False,False,2019-02-17 17:54:00,True,1000,True,60,True,10.0,False,10.0,2019-02-15 19:33:00,0,2019-10-17 06:49:00,Not Indicated,United States,True,-2 days +04:56:00
5e73e20057ca460df8904252,5e4b295ca8c3440de9ee95d0,"{'cash': {'available': True, 'budget': 5000}, 'product': {'available': False, 'budget': 100}, 'royalty': {'available': False, 'budget': 10}, 'equity': {'available': False, 'budget': 10}}",2020-03-19 21:24:00,2020-03-19 21:20:00,False,False,True,False,False,,True,5000,False,100,False,10.0,False,10.0,2020-02-18 00:01:00,0,2020-07-06 22:13:00,Not Indicated,United States,False,
5fbebecbd92ba60d4413ed94,5fa2d8b216d4f70d6e2aee91,"{'cash': {'available': True, 'budget': 5000}, 'product': {'available': False, 'budget': 100}, 'royalty': {'available': False, 'budget': 10}, 'equity': {'available': False, 'budget': 10}}",2020-11-25 20:34:00,2020-11-25 20:30:00,False,False,True,False,False,,True,5000,False,100,False,10.0,False,10.0,2020-11-04 16:37:00,0,2020-11-27 17:25:00,less than 10 employees,United States,False,
5c6204c8b064cb624cc56ec0,5c5314d8b9a5f919a01bee44,"{'cash': {'available': True, 'budget': 3500}, 'product': {'available': True, 'budget': 100}, 'royalty': {'available': False, 'budget': 10}, 'equity': {'available': False, 'budget': 10}}",2019-03-19 13:38:00,2019-02-14 16:53:00,True,False,False,False,False,2019-02-14 16:53:00,True,3500,True,100,False,10.0,False,10.0,2019-01-31 15:31:00,0,2019-12-13 18:11:00,Not Indicated,United States,True,32 days 20:45:00
5fff240e6b3e690d7d60df46,5fff22ea1b07010d3dccc17a,"{'cash': {'available': True, 'budget': 5000, 'minBudget': 100}, 'product': {'available': False, 'budget': 100}, 'royalty': {'available': False, 'budget': 10}, 'equity': {'available': False, 'budget': 10}}",2021-01-13 16:49:00,2021-01-13 16:47:00,False,False,False,False,True,,True,5000,False,100,False,10.0,False,10.0,2021-01-13 16:42:00,0,2021-01-13 16:49:00,less than 10 employees,United States,False,
5f628d2ce2afc10d69c14ea2,5f628c52cc53a10d552b12ec,"{'equity': {'budget': 0, 'available': False}, 'royalty': {'budget': 0, 'available': False}, 'product': {'budget': '', 'available': False, 'requestCC': True}, 'cash': {'budget': 100, 'available': True}}",2020-09-16 22:12:00,2020-09-16 22:09:00,False,False,False,False,True,,True,100,False,,False,0.0,False,0.0,2020-09-16 22:06:00,0,2020-09-16 22:14:00,Not Indicated,Not Indicated,False,
5d1a9d7989b19950c4d61230,5d1a729f89b19950c4d5ee9d,"{'cash': {'available': True, 'budget': 5000}, 'product': {'available': False, 'budget': 100}, 'royalty': {'available': False, 'budget': 10}, 'equity': {'available': False, 'budget': 10}}",2019-07-03 22:45:00,2019-07-01 23:55:00,True,False,False,False,False,2019-07-03 20:43:00,True,5000,False,100,False,10.0,False,10.0,2019-07-01 20:52:00,0,2020-02-28 18:23:00,Not Indicated,Not Indicated,True,0 days 02:02:00
5f066ed5b514c20dc3e7db5d,5f03b0f44b14f20db71b7761,"{'cash': {'available': True, 'budget': 5000}, 'product': {'available': False, 'budget': 100}, 'royalty': {'available': False, 'budget': 10}, 'equity': {'available': False, 'budget': 10}}",2020-07-09 01:13:00,2020-07-09 01:11:00,False,False,True,False,False,,True,5000,False,100,False,10.0,False,10.0,2020-07-06 23:17:00,0,2020-08-13 05:38:00,Not Indicated,United States,False,
6025475a8657070d6871185e,5efb7f52dc1fab678e8b8492,"{'cash': {'available': True, 'budget': 100000, 'minBudget': 5000}, 'product': {'available': False, 'budget': 100, 'requestCC': False}, 'royalty': {'available': False, 'budget': 10}, 'equity': {'available': False, 'budget': 10}}",2021-02-11 15:10:00,2021-02-11 15:03:00,False,False,True,False,False,,True,100000,False,100,False,10.0,False,10.0,2020-06-30 18:07:00,0,2021-04-16 18:12:00,Not Indicated,United States,False,
5efe7e2e0c16bb0db52d2e9b,5efe7141a41c790de4de8b36,"{'cash': {'available': True, 'budget': 175}, 'product': {'available': True, 'budget': 20}, 'royalty': {'available': False, 'budget': 0}, 'equity': {'available': False, 'budget': 0}}",2020-07-08 18:55:00,2020-07-03 00:39:00,True,False,False,True,False,2020-07-08 18:55:00,True,175,True,20,False,0.0,False,0.0,2020-07-02 23:44:00,0,2020-09-06 03:21:00,Not Indicated,United States,True,0 days 00:00:00
601817e442fdbf0d503e24c0,601814d495b0b80d7f4aba2b,"{'cash': {'available': True, 'budget': 0}, 'product': {'available': True, 'budget': 0}, 'royalty': {'available': False, 'budget': 0}, 'equity': {'available': False, 'budget': 0}}",2021-02-01 15:01:00,2021-02-01 15:01:00,False,False,True,False,False,,True,0,True,0,False,0.0,False,0.0,2021-02-01 14:48:00,0,2021-02-23 18:16:00,less than 10 employees,Not Indicated,False,
60ddd61a89e6150d8e914215,60760868d7921a0d6b8153a8,"{'cash': {'available': True, 'budget': 200, 'minBudget': 50}, 'product': {'available': False, 'budget': 100}, 'royalty': {'available': False, 'budget': 10}, 'equity': {'available': False, 'budget': 10}}",2021-07-01 14:50:00,2021-07-01 14:50:00,True,False,False,True,False,2021-07-01 14:53:00,True,200,False,100,False,10.0,False,10.0,2021-04-13 21:08:00,9,2021-11-03 19:49:00,less than 10 employees,Not Indicated,True,-1 days +23:57:00
5eea7b3616c8020dfa485ea5,5eb5e0c8de373e0db8ddcd6d,"{'cash': {'available': True, 'budget': 10000}, 'product': {'available': False, 'budget': 100, 'requestCC': False}, 'royalty': {'available': False, 'budget': 10}, 'equity': {'available': False, 'budget': 10}}",2020-06-17 20:28:00,2020-06-17 20:21:00,True,False,False,True,False,2020-06-17 21:02:00,True,10000,False,100,False,10.0,False,10.0,2020-05-08 22:44:00,0,2021-07-01 18:05:00,Not Indicated,United States,True,-1 days +23:26:00
5f4a95b72435930d50816a1f,5f314c1e4999f90dc7f6621a,"{'cash': {'available': True, 'budget': 400}, 'product': {'available': True, 'budget': 400, 'requestCC': True}, 'royalty': {'available': False, 'budget': 10}, 'equity': {'available': False, 'budget': 10}}",2020-09-07 21:06:00,2020-08-29 17:51:00,True,False,False,True,False,2020-09-07 21:06:00,True,400,True,400,False,10.0,False,10.0,2020-08-10 13:31:00,0,2021-10-05 14:04:00,Not Indicated,United States,True,0 days 00:00:00
5f5805ac32fd7d749e649dd9,5f57ce47ea061f0d79310d62,"{'cash': {'available': True, 'budget': 5000}, 'product': {'available': False, 'budget': 100}, 'royalty': {'available': False, 'budget': 10}, 'equity': {'available': False, 'budget': 10}}",2020-09-08 22:30:00,2020-09-08 22:29:00,False,False,True,False,False,,True,5000,False,100,False,10.0,False,10.0,2020-09-08 18:32:00,0,2020-09-09 16:24:00,Not Indicated,Not Indicated,False,
5c880a912771883f77ab1ff4,5c53229c60773b7c15c42000,"{'cash': {'available': True, 'budget': 800}, 'product': {'available': False, 'budget': 100}, 'royalty': {'available': False, 'budget': 10}, 'equity': {'available': False, 'budget': 10}}",2019-03-12 22:16:00,2019-03-12 19:37:00,False,False,True,False,False,,True,800,False,100,False,10.0,False,10.0,2019-01-31 16:30:00,0,2019-03-18 14:24:00,Not Indicated,United States,False,
603adc9350fd680d7d10b93f,60363faf8cd4e60d664a86de,"{'cash': {'available': True, 'budget': 5000, 'minBudget': 100}, 'product': {'available': False, 'budget': 100}, 'royalty': {'available': False, 'budget': 10}, 'equity': {'available': False, 'budget': 10}}",2021-02-27 23:58:00,2021-02-27 23:58:00,False,False,True,False,False,,True,5000,False,100,False,10.0,False,10.0,2021-02-24 11:59:00,0,2021-05-07 10:54:00,less than 10 employees,United States,False,
600b89e5f6fc560d64ade31c,600b829a92e1950d35697cd6,"{'cash': {'available': True, 'budget': 3000, 'minBudget': 100}, 'product': {'available': True, 'budget': 900, 'requestCC': False}, 'royalty': {'available': False, 'budget': 0}, 'equity': {'available': False, 'budget': 0}, 'mediaProduction': True}",2021-01-23 02:41:00,2021-01-23 02:28:00,True,False,False,True,False,2021-01-23 02:41:00,True,3000,True,900,False,0.0,False,0.0,2021-01-23 01:57:00,0,2021-03-25 16:50:00,50 - 249 employees,United States,True,0 days 00:00:00
5ef27d3e00e2210dd29318ce,5e9e3de63c72f30de6c48088,"{'cash': {'available': True, 'budget': 7500}, 'product': {'available': True, 'budget': 500}, 'royalty': {'available': False, 'budget': 0}, 'equity': {'available': False, 'budget': 0}}",2020-06-23 22:40:00,2020-06-23 22:07:00,True,False,False,True,False,2020-06-24 16:41:00,True,7500,True,500,False,0.0,False,0.0,2020-04-21 00:27:00,9,2021-10-25 03:29:00,Not Indicated,United States,True,-1 days +05:59:00
5f7db592490c5b0d60dca9cd,5f4558c2b3c0401887fb5dad,"{'equity': {'budget': 0, 'available': False}, 'royalty': {'budget': 0, 'available': False}, 'product': {'budget': 0, 'available': False}, 'cash': {'budget': 5000, 'available': True}}",2020-10-07 12:33:00,2020-10-07 12:33:00,False,False,True,False,False,,True,5000,False,0,False,0.0,False,0.0,2020-08-25 18:30:00,0,2020-10-11 17:53:00,Not Indicated,Not Indicated,False,
5e988da30b6f326d6490175d,5e9886de0b6f326d6490130b,"{'cash': {'available': True, 'budget': 5000}, 'product': {'available': False, 'budget': 100}, 'royalty': {'available': False, 'budget': 10}, 'equity': {'available': False, 'budget': 10}}",2020-04-16 16:53:00,2020-04-16 16:53:00,False,False,True,False,False,,True,5000,False,100,False,10.0,False,10.0,2020-04-16 16:25:00,0,2020-04-16 16:55:00,Not Indicated,Pakistan,False,
5d72872015eb190ae6ebec6a,5d433e14466c9968f7e813bd,"{'cash': {'available': True, 'budget': 2500}, 'product': {'available': True, 'budget': 250}, 'royalty': {'available': False, 'budget': 10}, 'equity': {'available': False, 'budget': 0.5}}",2019-09-19 21:57:00,2019-09-06 16:19:00,True,False,False,False,False,2019-09-19 21:54:00,True,2500,True,250,False,10.0,False,0.5,2019-08-01 19:31:00,0,2021-07-24 05:53:00,Not Indicated,United States,True,0 days 00:03:00
5e556081705ce50f12114e0c,5e3ac8a5a7440b0e01af77c7,"{'cash': {'available': True, 'budget': 6000}, 'product': {'available': True, 'budget': 200}, 'royalty': {'available': False, 'budget': 10}, 'equity': {'available': False, 'budget': 10}}",2020-02-25 22:19:00,2020-02-25 17:59:00,True,False,False,True,False,2020-02-25 22:52:00,True,6000,True,200,False,10.0,False,10.0,2020-02-05 13:52:00,0,2020-11-13 19:13:00,Not Indicated,United States,True,-1 days +23:27:00
60e47e13737f1a1244bcdc74,5ff3f8dc4bdfad0d795ea686,"{'equity': {'budget': 0, 'available': False}, 'royalty': {'budget': 0, 'available': False}, 'product': {'budget': 0, 'available': False}, 'cash': {'budget': 500, 'available': True}}",2021-07-06 16:02:00,2021-07-06 16:00:00,False,False,True,False,False,,True,500,False,0,False,0.0,False,0.0,2021-01-05 05:27:00,0,2021-07-06 16:09:00,less than 10 employees,United States,False,
5fc7d8a85dfb300d4dae1314,5fbd883ad686c474cf594408,"{'cash': {'available': True, 'budget': 5000, 'minBudget': 100}, 'product': {'available': True, 'budget': 2100, 'requestCC': False}, 'royalty': {'available': False, 'budget': 10}, 'equity': {'available': False, 'budget': 10}}",2020-12-02 18:31:00,2020-12-02 18:10:00,True,False,False,True,False,2020-12-02 18:31:00,True,5000,True,2100,False,10.0,False,10.0,2020-11-24 22:24:00,0,2020-12-17 15:29:00,10 - 49 employees,United States,True,0 days 00:00:00
5ee15cab39eb600dc5d9cfe4,5ede8a63055d0075c811d37d,"{'cash': {'available': True, 'budget': 5000}, 'product': {'available': False, 'budget': 100}, 'royalty': {'available': False, 'budget': 10}, 'equity': {'available': False, 'budget': 10}}",2020-06-10 22:21:00,2020-06-10 22:20:00,False,False,True,False,False,,True,5000,False,100,False,10.0,False,10.0,2020-06-08 18:58:00,0,2020-06-08 19:03:00,Not Indicated,United States,False,
5f283f8352412d0de2eb72d6,5f225572f977780dce390026,"{'cash': {'available': True, 'budget': 100}, 'product': {'available': False, 'budget': 100}, 'royalty': {'available': False, 'budget': 10}, 'equity': {'available': False, 'budget': 10}}",2020-08-03 16:57:00,2020-08-03 16:47:00,False,False,True,False,False,,True,100,False,100,False,10.0,False,10.0,2020-07-30 05:06:00,0,2020-09-02 01:30:00,Not Indicated,United States,False,
5ef3ae6755f4bf0dbe7d47f0,5eefd215b1e6730dea5b9d00,"{'cash': {'available': True, 'budget': 500}, 'product': {'available': True, 'budget': 450, 'requestCC': True}, 'royalty': {'available': False, 'budget': 10}, 'equity': {'available': False, 'budget': 10}}",2020-06-24 20:40:00,2020-06-24 19:50:00,True,False,False,True,False,2020-06-24 20:40:00,True,500,True,450,False,10.0,False,10.0,2020-06-21 21:33:00,0,2021-07-14 06:24:00,Not Indicated,United States,True,0 days 00:00:00
5df28f90151f570dac9decd3,5d9f4d3e5b44c00de5def97e,"{'cash': {'available': True, 'budget': 1000}, 'product': {'available': True, 'budget': 100}, 'royalty': {'available': True, 'budget': 10}, 'equity': {'available': False, 'budget': 10}}",2020-01-22 15:42:00,2019-12-12 19:05:00,True,False,False,False,False,2020-01-22 15:46:00,True,1000,True,100,True,10.0,False,10.0,2019-10-10 15:24:00,0,2020-07-23 18:51:00,Not Indicated,United States,True,-1 days +23:56:00
5e7381ff1c121e0d9b0b77b2,5d9f4d3e5b44c00de5def97e,"{'cash': {'available': True, 'budget': 1250}, 'product': {'available': True, 'budget': 100}, 'royalty': {'available': True, 'budget': 10}, 'equity': {'available': False, 'budget': 10}}",2020-04-06 19:54:00,2020-03-19 14:30:00,True,False,False,False,False,2020-03-26 14:01:00,True,1250,True,100,True,10.0,False,10.0,2019-10-10 15:24:00,0,2020-07-23 18:51:00,Not Indicated,United States,True,11 days 05:53:00
612e591146e5b60d5b07af51,60931ccf0150016f398f0938,"{'cash': {'available': True, 'budget': 1000, 'minBudget': 100}, 'product': {'available': True, 'budget': 100, 'requestCC': False}, 'royalty': {'available': False, 'budget': 10}, 'equity': {'available': False, 'budget': 10}}",2021-08-31 16:30:00,2021-08-31 16:30:00,True,False,False,True,True,2021-09-08 00:13:00,True,1000,True,100,False,10.0,False,10.0,2021-05-05 22:31:00,9,2021-11-03 20:35:00,less than 10 employees,United States,True,-8 days +16:17:00
5faa9cfa0bc1310d54fbcbd9,5faa04fed1512f0d7b1cf2a9,"{'cash': {'available': True, 'budget': 5000}, 'product': {'available': False, 'budget': 100}, 'royalty': {'available': False, 'budget': 10}, 'equity': {'available': False, 'budget': 10}}",2020-11-10 14:06:00,2020-11-10 14:00:00,False,False,True,False,False,,True,5000,False,100,False,10.0,False,10.0,2020-11-10 03:11:00,0,2020-11-10 15:39:00,10 - 49 employees,Not Indicated,False,
6083359ce172850d68e7570d,5e7e6033f963da0dc636d6f0,"{'cash': {'available': True, 'budget': 5000, 'minBudget': 3000}, 'product': {'available': True, 'budget': 600, 'requestCC': False}, 'royalty': {'available': False, 'budget': 10}, 'equity': {'available': False, 'budget': 10}}",2021-04-23 21:01:00,2021-04-23 21:01:00,True,False,False,True,False,2021-04-30 15:13:00,True,5000,True,600,False,10.0,False,10.0,2020-03-27 20:21:00,9,2021-11-02 15:18:00,50 - 249 employees,Not Indicated,True,-7 days +05:48:00
5eeb74d78b69f4791ad67657,5eeaf91ddcdd960de4bae721,"{'cash': {'available': True, 'budget': 18000}, 'product': {'available': True, 'budget': 1000}, 'royalty': {'available': True, 'budget': 20}, 'equity': {'available': False, 'budget': 0}}",2020-06-18 14:07:00,2020-06-18 14:06:00,True,False,False,True,False,2020-06-18 14:07:00,True,18000,True,1000,True,20.0,False,0.0,2020-06-18 05:18:00,0,2020-08-09 15:25:00,Not Indicated,United States,True,0 days 00:00:00
5f1580778b18380da32df767,5e43f492791ce30debf6ee74,"{'cash': {'available': True, 'budget': 5000}, 'product': {'available': False, 'budget': 100}, 'royalty': {'available': False, 'budget': 10}, 'equity': {'available': False, 'budget': 10}}",2020-07-20 11:35:00,2020-07-20 11:31:00,False,False,True,False,False,,True,5000,False,100,False,10.0,False,10.0,2020-02-12 12:50:00,0,2020-10-30 12:41:00,Not Indicated,Germany,False,
5ea1ad25b458c00fa6f08fe9,5ea1aadcb458c00fa6f08ede,"{'cash': {'available': True, 'budget': 1000}, 'product': {'available': False, 'budget': 100}, 'royalty': {'available': False, 'budget': 10}, 'equity': {'available': False, 'budget': 10}}",2020-05-12 18:04:00,2020-04-23 14:58:00,True,False,False,False,False,2020-04-30 14:30:00,True,1000,False,100,False,10.0,False,10.0,2020-04-23 14:49:00,0,2020-05-02 15:01:00,Not Indicated,United States,True,12 days 03:34:00
609aba542f16c8125dfa69f7,5f4e995de733170d6428dfb5,"{'cash': {'available': True, 'budget': 1000, 'minBudget': 500}, 'product': {'available': True, 'budget': 100, 'requestCC': False}, 'royalty': {'available': True, 'budget': 50}, 'equity': {'available': False, 'budget': 10}}",2021-06-29 21:10:00,2021-05-11 17:09:00,False,True,True,False,False,,True,1000,True,100,True,50.0,False,10.0,2020-09-01 18:56:00,9,2021-11-02 23:24:00,10 - 49 employees,United States,False,
5faadd512dc9340d5b61a1ed,5f4e995de733170d6428dfb5,"{'cash': {'available': True, 'budget': 700}, 'product': {'available': True, 'budget': 100, 'requestCC': False}, 'royalty': {'available': False, 'budget': 10}, 'equity': {'available': False, 'budget': 10}}",2020-11-19 18:19:00,2020-11-10 18:34:00,True,False,False,True,False,2020-11-19 18:19:00,True,700,True,100,False,10.0,False,10.0,2020-09-01 18:56:00,9,2021-11-02 23:24:00,10 - 49 employees,United States,True,0 days 00:00:00
5f99e5c0e7461a0d70fe38ca,5f99e1f280a7d20d6e320662,"{'cash': {'available': True, 'budget': 5000}, 'product': {'available': False, 'budget': 100}, 'royalty': {'available': False, 'budget': 10}, 'equity': {'available': False, 'budget': 10}}",2021-01-14 17:40:00,2020-10-28 21:42:00,False,True,False,False,True,,True,5000,False,100,False,10.0,False,10.0,2020-10-28 21:26:00,0,2021-05-20 18:57:00,50 - 249 employees,United States,False,
5f68f1909dedc914ee2b1b49,5f68f069e2472f12323163b1,"{'cash': {'available': True, 'budget': 25}, 'product': {'available': True, 'budget': 50, 'requestCC': True}, 'royalty': {'available': True, 'budget': 15}, 'equity': {'available': False, 'budget': 0}}",2020-09-21 18:36:00,2020-09-21 18:31:00,False,False,False,False,True,,True,25,True,50,True,15.0,False,0.0,2020-09-21 18:26:00,0,2020-10-08 05:43:00,Not Indicated,United States,False,
616792e6386a8c0d64caa151,5f986c8cb0d2780d84128fda,"{'cash': {'available': True, 'budget': 5000, 'minBudget': 100}, 'product': {'available': False, 'budget': 100}, 'royalty': {'available': False, 'budget': 10}, 'equity': {'available': False, 'budget': 10}}",2021-10-14 02:21:00,2021-10-14 02:16:00,False,False,True,False,False,,True,5000,False,100,False,10.0,False,10.0,2020-10-27 18:53:00,0,2021-10-27 17:44:00,10 - 49 employees,United States,False,
5ee79bd7d6cce514495c8b68,5ee78ec0a1b21a0dcb39924e,"{'cash': {'available': True, 'budget': 1000}, 'product': {'available': True, 'budget': 2500}, 'royalty': {'available': False, 'budget': 0}, 'equity': {'available': False, 'budget': 0}}",2020-07-23 17:31:00,2020-06-15 16:03:00,True,False,False,True,False,2020-07-23 17:31:00,True,1000,True,2500,False,0.0,False,0.0,2020-06-15 15:07:00,0,2021-07-06 20:51:00,Not Indicated,United States,True,0 days 00:00:00
5ea73edbaae12e0da3053745,5ea32351ecaebe0dcf053317,"{'cash': {'available': True, 'budget': 100}, 'product': {'available': False, 'budget': 100}, 'royalty': {'available': False, 'budget': 10}, 'equity': {'available': False, 'budget': 10}}",2020-04-27 20:38:00,2020-04-27 20:21:00,True,False,False,False,False,2020-04-28 23:01:00,True,100,False,100,False,10.0,False,10.0,2020-04-24 17:35:00,0,2020-06-11 18:31:00,Not Indicated,United States,True,-2 days +21:37:00
5f22f625d7ecdd0e11cf5ecd,5f18d660f0b7d50de0bf40ed,"{'equity': {'budget': 0, 'available': False}, 'royalty': {'budget': 25, 'available': True}, 'product': {'budget': 200, 'available': True}, 'cash': {'budget': 100, 'available': True}}",2020-07-30 16:32:00,2020-07-30 16:32:00,False,False,True,False,False,,True,100,True,200,True,25.0,False,0.0,2020-07-23 00:14:00,0,2021-10-14 20:12:00,Not Indicated,United States,False,
5dc50af4ab15d70dc1bb5979,5db04433b0514f0dd8576d8c,"{'cash': {'available': True, 'budget': 5000}, 'product': {'available': False, 'budget': 100}, 'royalty': {'available': False, 'budget': 10}, 'equity': {'available': False, 'budget': 10}}",2019-11-08 06:28:00,2019-11-08 06:28:00,False,False,True,False,False,,True,5000,False,100,False,10.0,False,10.0,2019-10-23 12:14:00,0,2019-11-08 11:01:00,Not Indicated,India,False,
5dd2e8289cd0f00da24ca7f0,5c7818b1f01cd06f93f05920,"{'cash': {'available': True, 'budget': 1000}, 'product': {'available': True, 'budget': 100}, 'royalty': {'available': False, 'budget': 10}, 'equity': {'available': False, 'budget': 10}}",2019-11-20 16:29:00,2019-11-18 18:51:00,True,False,False,False,False,2019-11-19 21:23:00,True,1000,True,100,False,10.0,False,10.0,2019-02-28 17:21:00,9,2021-09-27 15:31:00,10 - 49 employees,United States,True,0 days 19:06:00
5cb74ec836df8b76c130a013,5c7818b1f01cd06f93f05920,"{'cash': {'available': True, 'budget': 5000}, 'product': {'available': False, 'budget': 100}, 'royalty': {'available': False, 'budget': 10}, 'equity': {'available': False, 'budget': 10}}",2019-04-17 16:11:00,2019-04-17 16:05:00,False,True,True,False,False,,True,5000,False,100,False,10.0,False,10.0,2019-02-28 17:21:00,9,2021-09-27 15:31:00,10 - 49 employees,United States,False,
5ebc4154afb0c8137490c4ce,5e43051ebb01221211b51ba6,"{'cash': {'available': True, 'budget': 1250}, 'product': {'available': False, 'budget': 100}, 'royalty': {'available': False, 'budget': 10}, 'equity': {'available': False, 'budget': 10}}",2020-05-13 18:56:00,2020-05-13 18:49:00,True,False,False,False,False,2020-05-13 18:59:00,True,1250,False,100,False,10.0,False,10.0,2020-02-11 19:48:00,1,2021-06-08 17:30:00,Not Indicated,United States,True,-1 days +23:57:00
5c57b481f70361599fd2e896,5c573b750da9cb267cbaf91d,"{'cash': {'available': True, 'budget': 100000}, 'product': {'available': True, 'budget': 1}, 'royalty': {'available': False, 'budget': 0.1}, 'equity': {'available': False, 'budget': 2}}",2019-02-04 03:50:00,2019-02-04 03:41:00,False,False,True,False,False,,True,100000,True,1,False,0.1,False,2.0,2019-02-03 19:05:00,0,2019-02-19 14:07:00,Not Indicated,United States,False,
6023999be211cb0d4ba67a8e,6023938a60aec50d67f309ff,"{'cash': {'available': True, 'budget': 120, 'minBudget': 100}, 'product': {'available': True, 'budget': 100, 'requestCC': False}, 'royalty': {'available': False, 'budget': 0}, 'equity': {'available': False, 'budget': 0}}",2021-02-10 08:34:00,2021-02-10 08:30:00,False,False,True,False,False,,True,120,True,100,False,0.0,False,0.0,2021-02-10 08:04:00,0,2021-02-10 08:34:00,less than 10 employees,United States,False,
5f38af40a497f10dada2b1d4,5f38a6561cb0560dcc6292a1,"{'cash': {'available': True, 'budget': 2000}, 'product': {'available': True, 'budget': 1000}, 'royalty': {'available': False, 'budget': 10}, 'equity': {'available': False, 'budget': 10}}",2020-08-16 04:08:00,2020-08-16 04:00:00,False,False,False,False,True,,True,2000,True,1000,False,10.0,False,10.0,2020-08-16 03:21:00,0,2021-09-30 22:12:00,Not Indicated,United States,False,
5f1b8cc7eb32d20dc5efa9f7,5f1b8aba16f6af0de8a20c9a,"{'cash': {'available': True, 'budget': 5000}, 'product': {'available': False, 'budget': 100}, 'royalty': {'available': False, 'budget': 10}, 'equity': {'available': False, 'budget': 10}}",2020-07-25 01:40:00,2020-07-25 01:37:00,False,False,True,False,False,,True,5000,False,100,False,10.0,False,10.0,2020-07-25 01:28:00,0,2021-02-06 14:55:00,Not Indicated,United States,False,
61701881fb79e50d7eebb5d8,615659718288a20d4ce836e2,"{'cash': {'available': True, 'minBudget': 100, 'budget': 500}, 'product': {'available': True, 'budget': 200, 'requestCC': False}, 'royalty': {'available': False, 'budget': 10, 'prefix': 'percentage'}, 'equity': {'available': False, 'budget': 10, 'prefix': 'percentage'}}",2021-10-20 13:24:00,2021-10-20 13:24:00,False,False,True,False,True,,True,500,True,200,False,10.0,False,10.0,2021-10-01 00:42:00,0,2021-10-12 00:01:00,10 - 49 employees,United States,False,
5d95fc098f7e580de9442cdf,5c6473d8f9fc0c4806b32c85,"{'cash': {'available': True, 'budget': 1150}, 'product': {'available': True, 'budget': 100}, 'royalty': {'available': False, 'budget': 0}, 'equity': {'available': False, 'budget': 0}}",2020-03-19 21:19:00,2019-10-03 13:47:00,False,True,False,True,True,2019-10-04 17:49:00,True,1150,True,100,False,0.0,False,0.0,2019-02-13 19:45:00,0,2020-10-21 17:39:00,Not Indicated,Canada,True,167 days 03:30:00
60a426bb5780600d6590c379,60a417e35780600d6590ba00,"{'equity': {'budget': 0, 'available': False}, 'royalty': {'budget': 0, 'available': False}, 'product': {'budget': 100, 'available': True, 'requestCC': False}, 'cash': {'budget': 500, 'available': True, 'minBudget': 100}}",2021-05-18 20:56:00,2021-05-18 20:42:00,False,False,True,False,False,,True,500,True,100,False,0.0,False,0.0,2021-05-18 19:39:00,0,2021-06-08 06:18:00,less than 10 employees,United States,False,
5c780adf35d02a64e47993f3,5c77e8ad35d02a64e47973c1,"{'cash': {'available': True, 'budget': 100000}, 'product': {'available': False, 'budget': 100}, 'royalty': {'available': False, 'budget': 10}, 'equity': {'available': False, 'budget': 10}}",2019-02-28 16:39:00,2019-02-28 16:22:00,False,False,True,False,False,,True,100000,False,100,False,10.0,False,10.0,2019-02-28 13:57:00,0,2019-04-13 08:35:00,Not Indicated,France,False,
601db7ffb993c00d4e2cdce1,601a16e103ddb10d30d79c39,"{'equity': {'budget': 0, 'available': False}, 'royalty': {'budget': 0, 'available': False}, 'product': {'budget': 0, 'available': True}, 'cash': {'budget': 0, 'available': True}}",2021-02-05 21:28:00,2021-02-05 21:26:00,False,False,True,False,False,,True,0,True,0,False,0.0,False,0.0,2021-02-03 03:22:00,0,2021-08-02 21:08:00,less than 10 employees,United States,False,
5f29753619f1dc0dbc44c1be,5f2865f05c7e490de265f552,"{'equity': {'budget': 0, 'available': False}, 'royalty': {'budget': 15, 'available': True}, 'product': {'budget': 500, 'available': True}, 'cash': {'budget': 1000, 'available': True}}",2020-08-06 17:24:00,2020-08-04 14:48:00,True,False,False,True,False,2020-08-06 17:24:00,True,1000,True,500,True,15.0,False,0.0,2020-08-03 19:30:00,0,2020-08-22 06:29:00,Not Indicated,United States,True,0 days 00:00:00
5fcdee5a7260ae0d663b6114,5fcdecfe2c18b20d5856e877,"{'equity': {'budget': 0, 'available': False}, 'royalty': {'budget': 0, 'available': False}, 'product': {'budget': 0, 'available': True}, 'cash': {'budget': 0, 'available': True}}",2020-12-07 08:59:00,2020-12-07 08:56:00,False,False,True,False,False,,True,0,True,0,False,0.0,False,0.0,2020-12-07 08:51:00,0,2020-12-07 09:00:00,less than 10 employees,United States,False,
6090a69928d9e40d4db0b007,60909c71cb18220d4b7c13a7,"{'equity': {'budget': 0, 'available': False}, 'royalty': {'budget': 15, 'available': True}, 'product': {'budget': 500, 'available': True, 'requestCC': False}, 'cash': {'budget': 999, 'available': True, 'minBudget': 100}}",2021-05-20 16:25:00,2021-05-04 01:42:00,False,False,True,False,False,,True,999,True,500,True,15.0,False,0.0,2021-05-04 00:59:00,0,2021-10-04 22:31:00,less than 10 employees,United States,False,
5ca64864840868728a2e9950,5ca646f5840868728a2e9637,"{'cash': {'available': True, 'budget': 5000}, 'product': {'available': False, 'budget': 100}, 'royalty': {'available': False, 'budget': 10}, 'equity': {'available': False, 'budget': 10}}",2019-04-05 19:07:00,2019-04-04 18:09:00,False,False,True,False,False,,True,5000,False,100,False,10.0,False,10.0,2019-04-04 18:03:00,0,2019-11-20 00:22:00,Not Indicated,United States,False,
5eeb9dd09516180dd207556b,5ee2497092ecdc0ded37782a,"{'cash': {'available': True, 'budget': 1250}, 'product': {'available': True, 'budget': 150, 'requestCC': True}, 'royalty': {'available': True, 'budget': 20}, 'equity': {'available': False, 'budget': 0}}",2020-06-18 18:11:00,2020-06-18 17:01:00,True,False,False,True,False,2020-07-24 19:14:00,True,1250,True,150,True,20.0,False,0.0,2020-06-11 15:10:00,0,2020-08-16 16:56:00,Not Indicated,United States,True,-37 days +22:57:00
60d8c0fb78e8bb0d6dcfd6aa,60d5e03e8e33a50d5b0a091a,"{'cash': {'available': True, 'budget': 5000, 'minBudget': 100}, 'product': {'available': False, 'budget': 100}, 'royalty': {'available': False, 'budget': 10}, 'equity': {'available': False, 'budget': 10}}",2021-06-27 18:18:00,2021-06-27 18:18:00,False,False,True,False,False,,True,5000,False,100,False,10.0,False,10.0,2021-06-25 13:55:00,0,2021-07-19 20:00:00,less than 10 employees,United States,False,
5ee1ceb34b70e00dedd440f8,5ee1c8b7805a9e0dd35daa38,"{'cash': {'available': True, 'budget': 500}, 'product': {'available': False, 'budget': 100}, 'royalty': {'available': False, 'budget': 10}, 'equity': {'available': False, 'budget': 10}}",2020-06-26 21:49:00,2020-06-11 06:27:00,True,False,False,True,False,2020-06-26 21:49:00,True,500,False,100,False,10.0,False,10.0,2020-06-11 06:01:00,0,2021-09-24 14:41:00,Not Indicated,United States,True,0 days 00:00:00
5f76a1e574f0630d82066628,5f769d3c6082710d72b35b1b,"{'equity': {'budget': 0, 'available': False}, 'royalty': {'budget': 0, 'available': False}, 'product': {'budget': 1250, 'available': True, 'requestCC': True}, 'cash': {'budget': 1000, 'available': True}}",2020-10-02 03:58:00,2020-10-02 03:43:00,True,False,False,True,False,2020-10-02 03:58:00,True,1000,True,1250,False,0.0,False,0.0,2020-10-02 03:23:00,0,2021-06-21 01:07:00,Not Indicated,United States,True,0 days 00:00:00
5f9b01c29411230d6ab857d8,5f769d3c6082710d72b35b1b,"{'cash': {'available': True, 'budget': 50}, 'product': {'available': True, 'budget': 1250, 'requestCC': True}, 'royalty': {'available': False, 'budget': 0}, 'equity': {'available': False, 'budget': 0}}",2020-10-31 22:51:00,2020-10-29 17:54:00,False,True,False,True,True,2020-10-29 18:02:00,True,50,True,1250,False,0.0,False,0.0,2020-10-02 03:23:00,0,2021-06-21 01:07:00,Not Indicated,United States,True,2 days 04:49:00
5db303a7d5ffa90dc9682667,5d8a71c74c467a0ddeb65b49,"{'cash': {'available': True, 'budget': 250}, 'product': {'available': True, 'budget': 250}, 'royalty': {'available': False, 'budget': 0}, 'equity': {'available': False, 'budget': 0}}",2019-11-14 20:22:00,2019-10-25 14:16:00,True,False,False,False,False,2019-10-29 22:35:00,True,250,True,250,False,0.0,False,0.0,2019-09-24 19:43:00,0,2020-05-05 15:03:00,Not Indicated,United States,True,15 days 21:47:00
601c1da93c639c0d62a9a276,601be7b4054f910d63b7bade,"{'equity': {'budget': 0, 'available': False}, 'royalty': {'budget': 0, 'available': False}, 'product': {'budget': 200, 'available': True, 'requestCC': False}, 'cash': {'budget': 700, 'available': True, 'minBudget': 150}}",2021-02-04 16:39:00,2021-02-04 16:15:00,False,False,True,False,False,,True,700,True,200,False,0.0,False,0.0,2021-02-04 12:25:00,0,2021-05-08 18:23:00,less than 10 employees,United States,False,
5ce2bbbac3b2756ba03a7034,5ce2ba68c3b2756ba03a6c0a,"{'cash': {'available': True, 'budget': 5000}, 'product': {'available': False, 'budget': 100}, 'royalty': {'available': False, 'budget': 10}, 'equity': {'available': False, 'budget': 10}}",2019-05-20 14:37:00,2019-05-20 14:37:00,False,False,True,False,False,,True,5000,False,100,False,10.0,False,10.0,2019-05-20 14:32:00,0,2019-05-20 14:46:00,Not Indicated,India,False,
60cccad3efa4b20d86c31b21,5d4afb92fa5c1f26f9205f9a,"{'cash': {'available': True, 'budget': 5000, 'minBudget': 100}, 'product': {'available': False, 'budget': 100}, 'royalty': {'available': False, 'budget': 10}, 'equity': {'available': False, 'budget': 10}}",2021-06-18 17:16:00,2021-06-18 16:33:00,False,False,True,False,False,,True,5000,False,100,False,10.0,False,10.0,2019-08-07 16:25:00,0,2021-07-20 17:12:00,Not Indicated,United States,False,
5d52c76c8688c869c53ce8fc,5d52c50d8688c869c53cd7f3,"{'cash': {'available': True, 'budget': 2000}, 'product': {'available': False, 'budget': 100}, 'royalty': {'available': False, 'budget': 10}, 'equity': {'available': False, 'budget': 10}}",2019-08-15 22:14:00,2019-08-13 14:21:00,True,False,False,False,False,2019-08-15 18:41:00,True,2000,False,100,False,10.0,False,10.0,2019-08-13 14:11:00,0,2020-02-14 15:24:00,Not Indicated,United States,True,0 days 03:33:00
5fd279b7371c550d7e954517,5e39c32c9015b10ddcfdf23c,"{'cash': {'available': True, 'budget': 750, 'minBudget': 650}, 'product': {'available': True, 'budget': 250, 'requestCC': False}, 'royalty': {'available': False, 'budget': 10}, 'equity': {'available': False, 'budget': 10}}",2020-12-16 16:59:00,2020-12-10 19:40:00,True,False,False,True,False,2021-01-07 22:37:00,True,750,True,250,False,10.0,False,10.0,2020-02-04 19:17:00,0,2021-11-02 16:30:00,Not Indicated,United States,True,-23 days +18:22:00
603bca500ba4520d6b4e6974,5fda7cb3d1b8600d626c25a5,"{'cash': {'available': True, 'budget': 5000, 'minBudget': 100}, 'product': {'available': False, 'budget': 100}, 'royalty': {'available': False, 'budget': 10}, 'equity': {'available': False, 'budget': 10}}",2021-02-28 17:13:00,2021-02-28 16:52:00,False,False,True,False,False,,True,5000,False,100,False,10.0,False,10.0,2020-12-16 21:31:00,0,2021-09-16 16:03:00,less than 10 employees,United States,False,
5f1f15bc5fe5230df4621d22,5ec29009c515360dab057261,"{'equity': {'budget': 0, 'available': False}, 'royalty': {'budget': 20, 'available': False}, 'product': {'budget': 100, 'available': True, 'requestCC': True}, 'cash': {'budget': '', 'available': True}}",2020-07-30 17:13:00,2020-07-27 17:58:00,True,False,False,True,False,2020-07-30 17:13:00,True,,True,100,False,20.0,False,0.0,2020-05-18 13:39:00,0,2021-07-01 14:13:00,Not Indicated,United States,True,0 days 00:00:00
609addf83873570d72165d29,609adc2d500de70d4ddc5d4a,"{'cash': {'available': True, 'budget': 1000, 'minBudget': 100}, 'product': {'available': True, 'budget': 500, 'requestCC': False}, 'royalty': {'available': False, 'budget': 0}, 'equity': {'available': False, 'budget': 0}}",2021-05-11 19:44:00,2021-05-11 19:41:00,False,False,True,False,False,,True,1000,True,500,False,0.0,False,0.0,2021-05-11 19:34:00,0,2021-05-11 19:45:00,less than 10 employees,Not Indicated,False,
60e5d113e696820d69c51ddb,60c6252499d4920d7965744e,"{'cash': {'available': True, 'budget': 1000, 'minBudget': 500}, 'product': {'available': True, 'budget': 200, 'requestCC': False}, 'royalty': {'available': True, 'budget': 15}, 'equity': {'available': False, 'budget': 10}}",2021-07-21 03:43:00,2021-07-07 16:06:00,False,False,False,True,True,2021-07-21 03:43:00,True,1000,True,200,True,15.0,False,10.0,2021-06-13 15:32:00,3,2021-09-14 21:03:00,10 - 49 employees,United States,True,0 days 00:00:00
5ec2c6dd12ee6b153a396b83,5ec2c4b88c68070dde84e0f7,"{'cash': {'available': True, 'budget': 1000}, 'product': {'available': True, 'budget': 1300}, 'royalty': {'available': True, 'budget': 2}, 'equity': {'available': False, 'budget': 0}}",2020-05-18 17:58:00,2020-05-18 17:33:00,False,False,True,False,False,,True,1000,True,1300,True,2.0,False,0.0,2020-05-18 17:24:00,0,2021-03-25 01:32:00,Not Indicated,Brazil,False,
5ebc0c8b220bde0dc968c1d2,5ebc09856b38be685aef216a,"{'cash': {'available': True, 'budget': 500}, 'product': {'available': True, 'budget': 115}, 'royalty': {'available': True, 'budget': 21.75}, 'equity': {'available': False, 'budget': 0}}",2020-05-13 19:39:00,2020-05-13 15:04:00,True,False,False,False,False,2020-05-13 15:39:00,True,500,True,115,True,21.75,False,0.0,2020-05-13 14:51:00,0,2020-12-09 03:32:00,Not Indicated,United States,True,0 days 04:00:00
5d91708872baeb0dbaba7e5b,5cc854d04c07c54754abceff,"{'cash': {'available': True, 'budget': 1000}, 'product': {'available': True, 'budget': 99}, 'royalty': {'available': False, 'budget': 10}, 'equity': {'available': False, 'budget': 10}}",2019-10-15 14:20:00,2019-09-30 03:03:00,True,False,False,True,False,2019-09-30 12:35:00,True,1000,True,99,False,10.0,False,10.0,2019-04-30 13:59:00,0,2021-05-05 14:08:00,10 - 49 employees,Not Indicated,True,15 days 01:45:00
5c531add60773b7c15c41481,5c3df1a0d5854974ea379b5e,"{'equity': {'budget': 10, 'available': False}, 'royalty': {'budget': 10, 'available': True}, 'product': {'requestCC': True, 'budget': 1000, 'available': True}, 'cash': {'budget': 500, 'available': True}}",2019-01-31 17:16:00,2019-01-31 17:16:00,True,False,False,False,False,2019-01-31 17:15:00,True,500,True,1000,True,10.0,False,10.0,2019-01-15 14:43:00,0,2019-03-04 16:31:00,Not Indicated,United States,True,0 days 00:01:00
5e5e7e6617d8ca0dd58204c0,5e55a6f9a24e710ddfb5b755,"{'cash': {'available': True, 'budget': 5000}, 'product': {'available': False, 'budget': 100}, 'royalty': {'available': False, 'budget': 10}, 'equity': {'available': False, 'budget': 10}}",2020-03-03 15:59:00,2020-03-03 15:57:00,False,False,True,False,False,,True,5000,False,100,False,10.0,False,10.0,2020-02-25 23:00:00,0,2020-03-03 15:59:00,Not Indicated,United States,False,
5cb79592107e997e8b70b0fd,5c787d70df03886f96b6344d,"{'cash': {'available': True, 'budget': 2500}, 'product': {'available': True, 'budget': 225}, 'royalty': {'available': False, 'budget': 10}, 'equity': {'available': False, 'budget': 10}}",2019-04-18 16:33:00,2019-03-26 21:36:00,True,False,False,False,False,2019-04-18 19:05:00,True,2500,True,225,False,10.0,False,10.0,2019-03-01 00:31:00,0,2021-10-13 20:56:00,Not Indicated,United States,True,-1 days +21:28:00
5c8040a6646ef40deb1c77d6,5c6c6a8bc790740d1facd244,"{'cash': {'available': True, 'budget': 200}, 'product': {'available': True, 'budget': 100}, 'royalty': {'available': False, 'budget': 10}, 'equity': {'available': False, 'budget': 10}}",2019-03-11 16:02:00,2019-03-06 21:50:00,False,False,True,False,False,,True,200,True,100,False,10.0,False,10.0,2019-02-19 20:43:00,0,2020-09-22 14:34:00,Not Indicated,United States,False,
5f0888c52cc7650deefccc09,5ee0060e8387316907f0c5c6,"{'cash': {'available': True, 'budget': 5000}, 'product': {'available': False, 'budget': 100}, 'royalty': {'available': False, 'budget': 10}, 'equity': {'available': False, 'budget': 10}}",2020-07-10 15:27:00,2020-07-10 15:27:00,False,False,True,False,False,,True,5000,False,100,False,10.0,False,10.0,2020-06-09 21:58:00,0,2020-10-31 02:26:00,Not Indicated,United States,False,
6046e5201149d50d404c8a7d,6046dc7e650f7b0d3fec8dca,"{'cash': {'available': True, 'budget': 5000, 'minBudget': 100}, 'product': {'available': True, 'budget': 100, 'requestCC': False}, 'royalty': {'available': False, 'budget': 10}, 'equity': {'available': False, 'budget': 10}, 'mediaProduction': True}",2021-03-09 03:18:00,2021-03-09 03:01:00,False,False,True,False,False,,True,5000,True,100,False,10.0,False,10.0,2021-03-09 02:25:00,0,2021-03-09 03:19:00,less than 10 employees,United States,False,
5f4698a2582cf00dd52b6f52,5f469742582cf00dd52b6e06,"{'cash': {'available': True, 'budget': 86400}, 'product': {'available': False, 'budget': 100, 'requestCC': True}, 'royalty': {'available': False, 'budget': 10}, 'equity': {'available': False, 'budget': 10}}",2020-08-26 17:23:00,2020-08-26 17:15:00,False,False,False,False,True,,True,86400,False,100,False,10.0,False,10.0,2020-08-26 17:09:00,0,2020-08-27 15:10:00,Not Indicated,Not Indicated,False,
5c802769646ef40deb1c494f,5c3e29afe266c87dc3e14162,"{'cash': {'available': True, 'budget': 5000}, 'product': {'available': False, 'budget': 100}, 'royalty': {'available': False, 'budget': 10}, 'equity': {'available': False, 'budget': 10}}",2019-03-06 20:34:00,2019-03-06 20:02:00,False,False,True,False,False,,True,5000,False,100,False,10.0,False,10.0,2019-01-15 18:42:00,0,2020-07-09 15:57:00,Not Indicated,United States,False,
5e66ddf65927d10da9c83772,5cbe020dc4f74a1687607055,"{'cash': {'available': True, 'budget': 6250}, 'product': {'available': True, 'budget': 100}, 'royalty': {'available': False, 'budget': 10}, 'equity': {'available': False, 'budget': 10}}",2020-03-10 21:15:00,2020-03-10 00:23:00,True,False,False,False,False,2020-03-10 21:11:00,True,6250,True,100,False,10.0,False,10.0,2019-04-22 18:03:00,0,2021-03-30 17:23:00,Not Indicated,United States,True,0 days 00:04:00
5e4d8ca7ee8fc90dd68ce4d3,5cbe020dc4f74a1687607055,"{'cash': {'available': True, 'budget': 1800}, 'product': {'available': True, 'budget': 100}, 'royalty': {'available': False, 'budget': 10}, 'equity': {'available': False, 'budget': 10}}",2020-05-14 20:47:00,2020-02-19 19:29:00,True,False,False,False,False,2020-03-16 15:39:00,True,1800,True,100,False,10.0,False,10.0,2019-04-22 18:03:00,0,2021-03-30 17:23:00,Not Indicated,United States,True,59 days 05:08:00
6171a6f79d49ca0d994320ad,613fcf8f20fea90d87c5eb07,"{'cash': {'available': True, 'budget': 300, 'minBudget': 150}, 'product': {'available': False, 'budget': 100, 'requestCC': False}, 'royalty': {'available': False, 'budget': 0, 'prefix': 'percentage'}, 'equity': {'available': False, 'budget': 0, 'prefix': 'percentage'}}",2021-10-27 21:57:00,2021-10-21 17:44:00,False,False,False,True,True,2021-10-21 18:50:00,True,300,False,100,False,0.0,False,0.0,2021-09-13 22:24:00,3,2021-11-04 17:14:00,10 - 49 employees,United States,True,6 days 03:07:00
609b4e4e3463da0d58df0966,6092919d5ee3e90d76cb9eb7,"{'cash': {'available': True, 'budget': 800, 'minBudget': 100}, 'product': {'available': True, 'budget': 1000, 'requestCC': False}, 'royalty': {'available': False, 'budget': 0}, 'equity': {'available': False, 'budget': 0}}",2021-05-12 03:45:00,2021-05-12 03:41:00,False,False,True,False,False,,True,800,True,1000,False,0.0,False,0.0,2021-05-05 12:37:00,0,2021-05-24 07:36:00,10 - 49 employees,China,False,
5f04c33ecc83080d94aa2fee,5f04c248862df00ddf305229,"{'cash': {'available': True, 'budget': 4200}, 'product': {'available': True, 'budget': 1000}, 'royalty': {'available': False, 'budget': 0}, 'equity': {'available': False, 'budget': 0}}",2020-07-07 18:50:00,2020-07-07 18:47:00,False,False,False,False,True,,True,4200,True,1000,False,0.0,False,0.0,2020-07-07 18:43:00,0,2020-07-07 18:50:00,Not Indicated,United States,False,
5f41a1e5b6efaa0de823ecd6,5f41a0fae61a0b0de60acab4,"{'cash': {'available': True, 'budget': 100}, 'product': {'available': False, 'budget': 100, 'requestCC': False}, 'royalty': {'available': False, 'budget': 10}, 'equity': {'available': False, 'budget': 10}}",2020-08-22 22:56:00,2020-08-22 22:53:00,False,False,True,False,False,,True,100,False,100,False,10.0,False,10.0,2020-08-22 22:49:00,0,2020-08-22 22:56:00,Not Indicated,United States,False,
5e99a4c24e00c90dd753c8dd,5e53fd3454bb7e7739afbfa8,"{'cash': {'available': True, 'budget': 500}, 'product': {'available': False, 'budget': 98}, 'royalty': {'available': False, 'budget': 10}, 'equity': {'available': False, 'budget': 10}}",2020-04-17 13:19:00,2020-04-17 12:44:00,True,False,False,False,False,2020-04-17 13:18:00,True,500,False,98,False,10.0,False,10.0,2020-02-24 16:43:00,0,2021-05-14 10:25:00,Not Indicated,United Kingdom,True,0 days 00:01:00
5f5bb237f8d8a50d75192289,5f5bb1e4ee03f20dc9bf718a,"{'cash': {'available': True, 'budget': 5000}, 'product': {'available': False, 'budget': 100}, 'royalty': {'available': False, 'budget': 10}, 'equity': {'available': False, 'budget': 10}}",2020-09-11 17:22:00,2020-09-11 17:22:00,False,False,True,False,False,,True,5000,False,100,False,10.0,False,10.0,2020-09-11 17:20:00,0,2020-09-14 18:30:00,Not Indicated,United States,False,
60e65fa91c253d7b5b18b32a,60e65da474e7c00dd54d73e6,"{'equity': {'budget': 0, 'available': False}, 'royalty': {'budget': 0, 'available': False}, 'product': {'budget': 0, 'available': False}, 'cash': {'budget': 500, 'available': True}}",2021-07-08 02:18:00,2021-07-08 02:15:00,False,False,True,False,False,,True,500,False,0,False,0.0,False,0.0,2021-07-08 02:06:00,0,2021-07-08 02:22:00,less than 10 employees,United States,False,
5cdfb6eb746fc877ef08f42d,5cdfb5dac0a6ea056ba8528e,"{'cash': {'available': True, 'budget': 5000}, 'product': {'available': False, 'budget': 100}, 'royalty': {'available': False, 'budget': 10}, 'equity': {'available': False, 'budget': 10}}",2019-05-18 07:40:00,2019-05-18 07:40:00,False,False,True,False,False,,True,5000,False,100,False,10.0,False,10.0,2019-05-18 07:35:00,0,2019-05-19 15:24:00,Not Indicated,India,False,
5eab28d740fea174fc2f12a5,5eab1bced7c83d74f664c02e,"{'cash': {'available': True, 'budget': 100}, 'product': {'available': True, 'budget': 250, 'requestCC': True}, 'royalty': {'available': True, 'budget': 15}, 'equity': {'available': False, 'budget': 0}}",2020-05-05 03:44:00,2020-04-30 19:36:00,True,False,False,True,False,2020-05-01 15:25:00,True,100,True,250,True,15.0,False,0.0,2020-04-30 18:41:00,0,2021-07-14 10:39:00,Not Indicated,United States,True,3 days 12:19:00
5fadff3d414c780d3fe7eef1,5fac7d3e220e690d333e01ff,"{'cash': {'available': True, 'budget': 100000}, 'product': {'available': False, 'budget': 500000, 'requestCC': False}, 'royalty': {'available': False, 'budget': 10}, 'equity': {'available': False, 'budget': 10}}",2020-11-13 03:46:00,2020-11-13 03:36:00,False,False,True,False,False,,True,100000,False,500000,False,10.0,False,10.0,2020-11-12 00:09:00,0,2020-11-13 03:46:00,less than 10 employees,United States,False,
5f8608f830406c0d5ad1ec88,5f29c7222a6b8f0dcf30ab33,"{'cash': {'available': True, 'budget': 12000}, 'product': {'available': False, 'budget': 100}, 'royalty': {'available': False, 'budget': 10}, 'equity': {'available': False, 'budget': 10}}",2020-10-13 20:09:00,2020-10-13 20:07:00,True,False,False,True,False,2020-10-13 20:54:00,True,12000,False,100,False,10.0,False,10.0,2020-08-04 20:37:00,0,2020-11-03 02:46:00,Not Indicated,United States,True,-1 days +23:15:00
5f4b8939c411220d3602e908,5f4b85453edab80d3b8f009c,"{'cash': {'available': True, 'budget': 5000}, 'product': {'available': False, 'budget': 100}, 'royalty': {'available': False, 'budget': 10}, 'equity': {'available': False, 'budget': 10}}",2020-08-30 11:10:00,2020-08-30 11:10:00,False,False,True,False,False,,True,5000,False,100,False,10.0,False,10.0,2020-08-30 10:53:00,0,2020-08-30 11:10:00,Not Indicated,United States,False,
611593069e1c250d64b320e5,60f8ab91d844c90d6f1bb8f7,"{'cash': {'available': True, 'budget': 1400, 'minBudget': 1}, 'product': {'available': False, 'budget': 100, 'requestCC': False}, 'royalty': {'available': False, 'budget': 10}, 'equity': {'available': False, 'budget': 10}}",2021-09-21 00:14:00,2021-08-12 21:30:00,False,False,True,False,False,,True,1400,False,100,False,10.0,False,10.0,2021-07-21 23:19:00,0,2021-10-27 15:01:00,250 - 999 employees,United States,False,
5efc15878c7ae10dc1c911a8,5efc134aa5bc8c0df3de76a1,"{'cash': {'available': True, 'budget': 200}, 'product': {'available': True, 'budget': 100}, 'royalty': {'available': False, 'budget': 10}, 'equity': {'available': False, 'budget': 10}}",2020-07-07 13:26:00,2020-07-01 04:48:00,True,False,False,True,False,2020-07-07 13:26:00,True,200,True,100,False,10.0,False,10.0,2020-07-01 04:38:00,0,2021-04-26 16:05:00,Not Indicated,United States,True,0 days 00:00:00
5fd56919bdf6e10d694df52b,5f25e38d7e8a2b0dfe538335,"{'cash': {'available': True, 'budget': 100000, 'minBudget': 50000}, 'product': {'available': True, 'budget': 5000, 'requestCC': False}, 'royalty': {'available': False, 'budget': 0}, 'equity': {'available': False, 'budget': 0}}",2021-01-13 08:25:00,2020-12-13 01:06:00,True,False,False,True,False,2021-01-13 08:25:00,True,100000,True,5000,False,0.0,False,0.0,2020-08-01 21:50:00,0,2021-06-07 04:45:00,Not Indicated,United States,True,0 days 00:00:00
5eb5cf1208083e7666a9fb6c,5eb5aa86745ebd05138355a7,"{'cash': {'available': True, 'budget': 40000}, 'product': {'available': True, 'budget': ''}, 'royalty': {'available': False, 'budget': 0}, 'equity': {'available': False, 'budget': 0}}",2020-05-08 21:33:00,2020-05-08 21:28:00,False,False,True,False,False,,True,40000,True,,False,0.0,False,0.0,2020-05-08 18:52:00,0,2020-06-11 16:43:00,Not Indicated,United States,False,
5ee268eb5b129c0dbab53783,5ee1a0dff005a00dd4e71bb4,"{'cash': {'available': True, 'budget': 500}, 'product': {'available': False, 'budget': 100, 'requestCC': True}, 'royalty': {'available': False, 'budget': 10}, 'equity': {'available': False, 'budget': 10}}",2020-06-12 19:06:00,2020-06-11 17:24:00,False,True,False,False,True,,True,500,False,100,False,10.0,False,10.0,2020-06-11 03:11:00,0,2020-06-12 19:08:00,Not Indicated,United States,False,
609ef7635166750d76467b65,6095a88e0c82900d7ffbd2c0,"{'equity': {'budget': 0, 'available': False}, 'royalty': {'budget': 0, 'available': False}, 'product': {'budget': 0, 'available': True}, 'cash': {'budget': 0, 'available': True}}",2021-05-14 22:23:00,2021-05-14 22:19:00,False,False,True,False,False,,True,0,True,0,False,0.0,False,0.0,2021-05-07 20:52:00,0,2021-08-19 03:01:00,less than 10 employees,United States,False,
5f90cf38a5c86f6b798c2f12,5f6826aefb4aa80d4a046abd,"{'cash': {'available': True, 'budget': 2500}, 'product': {'available': False, 'budget': 100, 'requestCC': False}, 'royalty': {'available': False, 'budget': 10}, 'equity': {'available': False, 'budget': 10}}",2020-12-16 04:09:00,2020-10-22 00:15:00,True,False,False,True,False,2020-12-16 04:09:00,True,2500,False,100,False,10.0,False,10.0,2020-09-21 04:06:00,0,2021-05-20 00:19:00,Not Indicated,Australia,True,0 days 00:00:00
5e24c70bbe3a090dc375fba6,5e2236d682b54a0dc7603507,"{'cash': {'available': True, 'budget': 500}, 'product': {'available': True, 'budget': 200, 'requestCC': True}, 'royalty': {'available': False, 'budget': 10}, 'equity': {'available': False, 'budget': 10}}",2020-01-20 19:47:00,2020-01-19 21:15:00,True,False,False,False,False,2020-01-20 19:48:00,True,500,True,200,False,10.0,False,10.0,2020-01-17 22:36:00,0,2020-08-31 13:41:00,Not Indicated,United States,True,-1 days +23:59:00
5eb3798fb8d2d80dc7a92cd6,5eb37800b8d2d80dc7a92c46,"{'cash': {'available': True, 'budget': 100000}, 'product': {'available': True, 'budget': 100}, 'royalty': {'available': False, 'budget': 10}, 'equity': {'available': False, 'budget': 10}}",2020-05-07 03:04:00,2020-05-07 02:59:00,False,False,False,False,True,,True,100000,True,100,False,10.0,False,10.0,2020-05-07 02:52:00,0,2020-05-07 03:04:00,Not Indicated,United States,False,
5ec689633c670b0dcd4513df,5ec67f3eb1d2220db3b79613,"{'cash': {'available': True, 'budget': 5000}, 'product': {'available': False, 'budget': 100}, 'royalty': {'available': False, 'budget': 10}, 'equity': {'available': False, 'budget': 10}}",2020-05-21 14:02:00,2020-05-21 14:00:00,False,False,True,False,False,,True,5000,False,100,False,10.0,False,10.0,2020-05-21 13:16:00,0,2020-05-21 14:08:00,Not Indicated,United States,False,
617ae3609ab1290d6b2d1b93,60de299baf6f4d16abe304c2,"{'cash': {'available': True, 'minBudget': 500, 'budget': 750}, 'product': {'available': False, 'budget': 100, 'requestCC': False}, 'royalty': {'available': False, 'budget': 10, 'prefix': 'percentage'}, 'equity': {'available': False, 'budget': 10, 'prefix': 'percentage'}}",2021-11-02 16:24:00,2021-10-28 17:52:00,False,False,False,True,True,2021-10-28 18:32:00,True,750,False,100,False,10.0,False,10.0,2021-07-01 20:46:00,3,2021-11-02 16:24:00,1000+ employees,United States,True,4 days 21:52:00
615b5d0d16fbb80d6e7e813f,60de299baf6f4d16abe304c2,"{'cash': {'available': True, 'budget': 1500, 'minBudget': 500}, 'product': {'available': False, 'budget': 0, 'requestCC': False}, 'royalty': {'available': False, 'budget': 0}, 'equity': {'available': False, 'budget': 0}}",2021-10-04 20:21:00,2021-10-04 19:59:00,True,False,False,True,False,2021-10-04 20:21:00,True,1500,False,0,False,0.0,False,0.0,2021-07-01 20:46:00,3,2021-11-02 16:24:00,1000+ employees,United States,True,0 days 00:00:00
5ed4adf11eb3c20dfa11bec5,5ed4a98b8faa150dc79ffbde,"{'cash': {'available': True, 'budget': 10600}, 'product': {'available': True, 'budget': 3000, 'requestCC': True}, 'royalty': {'available': False, 'budget': 10}, 'equity': {'available': False, 'budget': 10}}",2020-06-01 07:45:00,2020-06-01 07:27:00,False,False,True,False,False,,True,10600,True,3000,False,10.0,False,10.0,2020-06-01 07:09:00,0,2020-06-02 07:31:00,Not Indicated,United States,False,
608a666a41c6fe0d618a3d7b,60892143f553700d5ded8c14,"{'cash': {'available': True, 'budget': 5000, 'minBudget': 100}, 'product': {'available': False, 'budget': 100}, 'royalty': {'available': False, 'budget': 10}, 'equity': {'available': False, 'budget': 10}, 'mediaProduction': True}",2021-04-29 08:01:00,2021-04-29 07:55:00,False,False,True,False,False,,True,5000,False,100,False,10.0,False,10.0,2021-04-28 08:48:00,0,2021-07-01 21:01:00,less than 10 employees,United States,False,
5ecf1f9f0262940ddb3a0e90,5ecf18b290f9ed0dcbe4e0c3,"{'cash': {'available': True, 'budget': 100}, 'product': {'available': True, 'budget': 100}, 'royalty': {'available': True, 'budget': 0}, 'equity': {'available': True, 'budget': 0}}",2020-05-28 02:38:00,2020-05-28 02:19:00,False,False,False,False,True,,True,100,True,100,True,0.0,True,0.0,2020-05-28 01:49:00,0,2020-05-28 02:38:00,Not Indicated,United States,False,
5c9a6edcc2185f5362a5b5c3,5c6ee8e72f12f1514f325a7e,"{'cash': {'available': True, 'budget': 1000}, 'product': {'available': True, 'budget': 100}, 'royalty': {'available': False, 'budget': 10}, 'equity': {'available': False, 'budget': 10}}",2019-03-28 15:08:00,2019-03-28 18:26:00,True,False,False,False,False,2019-03-28 15:16:00,True,1000,True,100,False,10.0,False,10.0,2019-02-21 18:07:00,0,2020-12-22 13:25:00,Not Indicated,United States,True,-1 days +23:52:00
5eceaea1e5f55d0dd14140e0,5ecea7b9b7239767407bbe2b,"{'cash': {'available': True, 'budget': 1000}, 'product': {'available': True, 'budget': 4495, 'requestCC': True}, 'royalty': {'available': False, 'budget': 0}, 'equity': {'available': False, 'budget': 0}}",2020-06-05 14:04:00,2020-05-27 18:17:00,True,False,False,True,False,2020-06-05 14:04:00,True,1000,True,4495,False,0.0,False,0.0,2020-05-27 17:47:00,0,2020-06-15 12:04:00,Not Indicated,United States,True,0 days 00:00:00
5ef506d3186ef30dca3af1cd,5ef375a09ce95273fa646806,"{'cash': {'available': True, 'budget': 2000}, 'product': {'available': False, 'budget': ''}, 'royalty': {'available': False, 'budget': 0}, 'equity': {'available': False, 'budget': 0}, 'mediaProduction': True}",2020-06-25 23:22:00,2020-06-25 20:19:00,True,False,False,True,False,2020-06-25 23:22:00,True,2000,False,,False,0.0,False,0.0,2020-06-24 15:47:00,0,2021-08-18 16:06:00,Not Indicated,United States,True,0 days 00:00:00
609fec105d2c740d86ece13e,609506efc13fbc0d712fbaf6,"{'cash': {'available': True, 'budget': 1100, 'minBudget': 500}, 'product': {'available': True, 'budget': 250, 'requestCC': False}, 'royalty': {'available': False, 'budget': 0}, 'equity': {'available': False, 'budget': 0}}",2021-05-17 11:10:00,2021-05-15 15:43:00,False,False,False,True,True,2021-05-17 11:10:00,True,1100,True,250,False,0.0,False,0.0,2021-05-07 09:22:00,0,2021-05-17 21:27:00,less than 10 employees,United Kingdom,True,0 days 00:00:00
5e8b900be09a870dce76e3fb,5e8b8d66d44c730dd93839aa,"{'cash': {'available': True, 'budget': 1500}, 'product': {'available': True, 'budget': 200}, 'royalty': {'available': True, 'budget': 20}, 'equity': {'available': False, 'budget': 10}}",2020-04-06 22:15:00,2020-04-06 20:24:00,True,False,False,False,False,2020-04-06 21:59:00,True,1500,True,200,True,20.0,False,10.0,2020-04-06 20:13:00,0,2021-03-26 16:29:00,Not Indicated,Canada,True,0 days 00:16:00
5d93a744eb05fb0dac8a69ff,5c7d689586aa2c200a56f6e5,"{'cash': {'available': True, 'budget': 1000}, 'product': {'available': True, 'budget': 300}, 'royalty': {'available': False, 'budget': 10}, 'equity': {'available': False, 'budget': 10}}",2019-10-02 22:17:00,2019-10-01 19:21:00,True,False,False,False,False,2019-10-02 19:52:00,True,1000,True,300,False,10.0,False,10.0,2019-03-04 18:04:00,0,2020-03-30 17:04:00,Not Indicated,United States,True,0 days 02:25:00
5fda2857d996830d6bdb3b3e,5fda1dc197b4d50d63ef85f0,"{'cash': {'available': True, 'budget': 2000, 'minBudget': 100}, 'product': {'available': True, 'budget': 50, 'requestCC': False}, 'royalty': {'available': False, 'budget': 10}, 'equity': {'available': False, 'budget': 10}, 'mediaProduction': True}",2020-12-16 15:57:00,2020-12-16 15:31:00,False,False,True,False,False,,True,2000,True,50,False,10.0,False,10.0,2020-12-16 14:46:00,0,2020-12-16 15:57:00,less than 10 employees,United States,False,
5e9dbab2c24aa30dd12c9c47,5e9dba58ecb3ba0dd051efb7,"{'cash': {'available': True, 'budget': 1400}, 'product': {'available': False, 'budget': ''}, 'royalty': {'available': False, 'budget': 0}, 'equity': {'available': False, 'budget': 0}}",2020-04-20 15:10:00,2020-04-20 15:07:00,False,False,True,False,False,,True,1400,False,,False,0.0,False,0.0,2020-04-20 15:06:00,0,2020-04-20 15:10:00,Not Indicated,United States,False,
60bfb8700969130d5ad6c11f,60bfaf9d074fb50d59e60187,"{'cash': {'available': True, 'budget': 96200, 'minBudget': 5000}, 'product': {'available': True, 'budget': 9700, 'requestCC': False}, 'royalty': {'available': False, 'budget': 10}, 'equity': {'available': False, 'budget': 10}}",2021-06-08 18:55:00,2021-06-08 18:35:00,False,False,True,False,False,,True,96200,True,9700,False,10.0,False,10.0,2021-06-08 17:57:00,0,2021-06-09 17:02:00,less than 10 employees,United States,False,
5d3b2a09d0df737235b2070e,5d38b8a3ff639e1fce35e3ac,"{'cash': {'available': True, 'budget': 5000}, 'product': {'available': True, 'budget': 200}, 'royalty': {'available': False, 'budget': 10}, 'equity': {'available': False, 'budget': 10}}",2019-07-26 16:36:00,2019-07-26 16:27:00,False,False,True,False,False,,True,5000,True,200,False,10.0,False,10.0,2019-07-24 19:59:00,0,2020-01-27 19:31:00,Not Indicated,United States,False,
5d23894a0f300605e857c24c,5c5df153296f393fb45bbb0d,"{'cash': {'available': True, 'budget': 350}, 'product': {'available': True, 'budget': 30}, 'royalty': {'available': False, 'budget': 10}, 'equity': {'available': False, 'budget': 10}}",2019-07-09 21:16:00,2019-07-08 18:19:00,True,False,False,False,False,2019-07-08 20:05:00,True,350,True,30,False,10.0,False,10.0,2019-02-08 21:14:00,0,2019-10-15 20:44:00,Not Indicated,United States,True,1 days 01:11:00
5eaf1855dbe0330de1da424f,5ca9641a288a552580879ed5,"{'cash': {'available': True, 'budget': 5000}, 'product': {'available': False, 'budget': ''}, 'royalty': {'available': True, 'budget': 20}, 'equity': {'available': False, 'budget': 25}}",2020-05-03 20:10:00,2020-05-03 19:15:00,True,False,False,False,False,2020-05-04 14:32:00,True,5000,False,,True,20.0,False,25.0,2019-04-07 02:44:00,0,2020-08-09 12:07:00,Not Indicated,United States,True,-1 days +05:38:00
5eda8bf346e2a16cf8455b45,5ed15fc3e6f1f00dc8a19abb,"{'cash': {'available': True, 'budget': 10000}, 'product': {'available': True, 'budget': 4000}, 'royalty': {'available': True, 'budget': 15}, 'equity': {'available': False, 'budget': 0}}",2020-06-05 19:32:00,2020-06-05 18:16:00,False,False,False,False,True,,True,10000,True,4000,True,15.0,False,0.0,2020-05-29 19:17:00,0,2020-06-05 19:53:00,Not Indicated,United States,False,
5e1f50de3ebbac0dcf979f43,5e1f4fd1d737dd0dd0354f96,"{'cash': {'available': True, 'budget': 5000}, 'product': {'available': True, 'budget': 100}, 'royalty': {'available': False, 'budget': 10}, 'equity': {'available': False, 'budget': 10}}",2020-01-16 18:19:00,2020-01-15 17:50:00,True,False,False,False,False,2020-01-16 18:21:00,True,5000,True,100,False,10.0,False,10.0,2020-01-15 17:45:00,0,2020-02-13 17:55:00,Not Indicated,United States,True,-1 days +23:58:00
5f4643130ee1c70dd5dc9ee0,5f4640a3ad283a0dc70385f0,"{'equity': {'budget': 0, 'available': False}, 'royalty': {'budget': 0, 'available': True}, 'product': {'budget': 500, 'available': True}, 'cash': {'budget': '', 'available': True}}",2020-08-26 11:17:00,2020-08-26 11:10:00,True,False,False,True,False,2020-08-26 11:17:00,True,,True,500,True,0.0,False,0.0,2020-08-26 10:59:00,0,2020-08-26 11:17:00,Not Indicated,United States,True,0 days 00:00:00
5f248c2ff8bacc0dd726231b,5f248a040e4e3f0e000d9dac,"{'cash': {'available': True, 'budget': 500}, 'product': {'available': True, 'budget': 28}, 'royalty': {'available': False, 'budget': 10}, 'equity': {'available': False, 'budget': 10}}",2020-07-31 21:34:00,2020-07-31 21:25:00,True,False,False,True,False,2020-07-31 21:34:00,True,500,True,28,False,10.0,False,10.0,2020-07-31 21:15:00,0,2020-08-27 12:59:00,Not Indicated,United States,True,0 days 00:00:00
5ccbb15b981bb46551e147c9,5ccaf2ad144c892d5d7c6f1d,"{'cash': {'available': True, 'budget': 1500}, 'product': {'available': True, 'budget': 200}, 'royalty': {'available': False, 'budget': 10}, 'equity': {'available': False, 'budget': 10}}",2019-05-03 13:31:00,2019-05-03 03:11:00,True,False,False,False,False,2019-05-08 17:35:00,True,1500,True,200,False,10.0,False,10.0,2019-05-02 13:37:00,0,2019-06-06 13:37:00,Not Indicated,United States,True,-6 days +19:56:00
5f8eee1ff7681f0d2f785f43,5f3ac14e5241b50df1a5795a,"{'cash': {'available': True, 'budget': 2000}, 'product': {'available': True, 'budget': 500, 'requestCC': False}, 'royalty': {'available': False, 'budget': 0}, 'equity': {'available': False, 'budget': 0}}",2020-10-29 13:57:00,2020-10-20 14:03:00,True,False,False,True,False,2020-10-29 13:57:00,True,2000,True,500,False,0.0,False,0.0,2020-08-17 17:41:00,0,2021-02-05 22:22:00,Not Indicated,United States,True,0 days 00:00:00
6096c3e82e0fa80d7ae57b21,5fdbd2e17a93e80d7e4bf80a,"{'cash': {'available': True, 'budget': 5000, 'minBudget': 100}, 'product': {'available': False, 'budget': 100}, 'royalty': {'available': False, 'budget': 10}, 'equity': {'available': False, 'budget': 10}}",2021-05-08 17:01:00,2021-05-08 17:01:00,False,False,True,False,False,,True,5000,False,100,False,10.0,False,10.0,2020-12-17 21:51:00,0,2021-06-16 19:49:00,10 - 49 employees,United States,False,
60b109e5afc1760d6da939ee,60a7bf23f78fb50d4e5e9c21,"{'equity': {'budget': 0, 'available': False}, 'royalty': {'budget': 0, 'available': False}, 'product': {'budget': 300, 'available': True, 'requestCC': False}, 'cash': {'budget': 5000, 'available': True, 'minBudget': 100}, 'mediaProduction': True}",2021-05-28 15:22:00,2021-05-28 15:19:00,False,False,True,False,False,,True,5000,True,300,False,0.0,False,0.0,2021-05-21 14:09:00,0,2021-10-21 20:36:00,10 - 49 employees,Not Indicated,False,
5e9868466668230deca0fc30,5e87bbdf2b1f1c0db41cf68c,"{'cash': {'available': True, 'budget': 600}, 'product': {'available': False, 'budget': ''}, 'royalty': {'available': False, 'budget': 0}, 'equity': {'available': False, 'budget': 0}}",2020-04-16 18:53:00,2020-04-16 14:14:00,False,True,False,True,True,2020-04-16 14:27:00,True,600,False,,False,0.0,False,0.0,2020-04-03 22:42:00,0,2020-05-15 19:00:00,Not Indicated,United States,True,0 days 04:26:00
5feb5bfd7be06a0d6dd2b71d,5fea2d6d9657f90d541a9f1a,"{'equity': {'budget': 0, 'available': False}, 'royalty': {'budget': 0, 'available': False}, 'product': {'budget': 100, 'available': True, 'requestCC': False}, 'cash': {'budget': 250, 'available': True, 'minBudget': 1}}",2020-12-29 16:45:00,2020-12-29 16:40:00,True,False,False,True,False,2020-12-29 16:45:00,True,250,True,100,False,0.0,False,0.0,2020-12-28 19:09:00,0,2021-04-29 16:33:00,less than 10 employees,United States,True,0 days 00:00:00
5f74ef8c9328af14de7041aa,5f45774d821e0f188d80e0b9,"{'equity': {'budget': 0, 'available': False}, 'royalty': {'budget': 0, 'available': False}, 'product': {'budget': 5500, 'available': True, 'requestCC': True}, 'cash': {'budget': '', 'available': True}, 'mediaProduction': True}",2020-09-30 20:56:00,2020-09-30 20:50:00,True,False,False,False,True,,True,,True,5500,False,0.0,False,0.0,2020-08-25 20:40:00,0,2020-09-30 20:57:00,Not Indicated,Not Indicated,False,
5ec2fd4d8c68070dde85079b,5ec2c98b3993030ddd5ad3d7,"{'cash': {'available': True, 'budget': 100}, 'product': {'available': False, 'budget': 1}, 'royalty': {'available': True, 'budget': 70}, 'equity': {'available': False, 'budget': 0}}",2020-07-06 11:44:00,2020-05-18 21:25:00,False,True,False,True,True,2020-05-20 20:37:00,True,100,False,1,True,70.0,False,0.0,2020-05-18 17:44:00,0,2020-09-12 00:01:00,Not Indicated,United States,True,46 days 15:07:00
5d97dba4be1f5c0dccfb2517,5d97da560deda10ddda96637,"{'cash': {'available': True, 'budget': 5000}, 'product': {'available': False, 'budget': 100}, 'royalty': {'available': False, 'budget': 10}, 'equity': {'available': False, 'budget': 10}}",2019-10-04 23:54:00,2019-10-04 23:54:00,False,False,True,False,False,,True,5000,False,100,False,10.0,False,10.0,2019-10-04 23:48:00,0,2019-10-05 00:16:00,Not Indicated,United States,False,
608c2936067f030d49d84bfb,6060a6e016b5b80d6d4345d0,"{'cash': {'available': True, 'budget': 500, 'minBudget': 100}, 'product': {'available': True, 'budget': 100, 'requestCC': False}, 'royalty': {'available': False, 'budget': 10}, 'equity': {'available': False, 'budget': 10}}",2021-07-01 19:47:00,2021-04-30 15:58:00,True,False,False,True,False,2021-07-01 19:47:00,True,500,True,100,False,10.0,False,10.0,2021-03-28 15:55:00,3,2021-10-05 16:45:00,10 - 49 employees,United States,True,0 days 00:00:00
609d8133fcd9350d861cba60,6060a6e016b5b80d6d4345d0,"{'cash': {'available': True, 'budget': 1500}, 'product': {'available': True, 'budget': 100, 'requestCC': False}, 'royalty': {'available': False, 'budget': 10}, 'equity': {'available': False, 'budget': 10}}",2021-05-28 18:48:00,2021-05-13 19:42:00,True,False,False,True,False,2021-05-28 18:48:00,True,1500,True,100,False,10.0,False,10.0,2021-03-28 15:55:00,3,2021-10-05 16:45:00,10 - 49 employees,United States,True,0 days 00:00:00
5d868c3501688c0dc6472a42,5d8689aa01688c0dc6472965,"{'cash': {'available': True, 'budget': 100000}, 'product': {'available': True, 'budget': 4500, 'requestCC': True}, 'royalty': {'available': True, 'budget': 100}, 'equity': {'available': True, 'budget': 89.5}}",2019-09-21 20:57:00,2019-09-21 20:46:00,False,False,True,False,False,,True,100000,True,4500,True,100.0,True,89.5,2019-09-21 20:35:00,0,2019-09-21 20:57:00,Not Indicated,United States,False,
5e0f9e62d381890dad3beeb0,5df8fa0b5479a90dd57e58a3,"{'cash': {'available': True, 'budget': 3000}, 'product': {'available': False, 'budget': 100}, 'royalty': {'available': False, 'budget': 10}, 'equity': {'available': False, 'budget': 10}}",2020-01-06 19:50:00,2020-01-03 20:04:00,True,False,False,True,False,2020-01-06 15:42:00,True,3000,False,100,False,10.0,False,10.0,2019-12-17 15:53:00,0,2021-03-23 21:04:00,Not Indicated,Canada,True,0 days 04:08:00
5ed29beeba3a2e0de71d88a6,5ed299d5aaf7450dc74412b9,"{'cash': {'available': True, 'budget': 3100}, 'product': {'available': True, 'budget': 100}, 'royalty': {'available': False, 'budget': 2.4}, 'equity': {'available': False, 'budget': 10}}",2020-05-30 18:04:00,2020-05-30 17:46:00,False,False,True,False,False,,True,3100,True,100,False,2.4,False,10.0,2020-05-30 17:37:00,0,2020-05-31 23:29:00,Not Indicated,United States,False,
5ebd9df6c928ac0dc6e8cb61,5e7badeaa9c0e70da29e1595,"{'cash': {'available': True, 'budget': 5000}, 'product': {'available': True, 'budget': 50}, 'royalty': {'available': False, 'budget': 10}, 'equity': {'available': False, 'budget': 10}}",2020-05-18 15:03:00,2020-05-14 19:37:00,True,False,False,False,False,2020-05-18 15:20:00,True,5000,True,50,False,10.0,False,10.0,2020-03-25 19:15:00,9,2021-10-18 16:37:00,Not Indicated,United States,True,-1 days +23:43:00
5e7072c9834ea00def751849,5e6b158690a42c0de428467e,"{'cash': {'available': True, 'budget': 5000}, 'product': {'available': False, 'budget': 100}, 'royalty': {'available': False, 'budget': 10}, 'equity': {'available': False, 'budget': 10}}",2020-03-17 06:48:00,2020-03-17 06:48:00,False,False,True,False,False,,True,5000,False,100,False,10.0,False,10.0,2020-03-13 05:09:00,0,2020-03-17 11:01:00,Not Indicated,India,False,
5ef53bc3a1ba840dbc4bac7d,5ef53a9732addc0dcce5be08,"{'cash': {'available': True, 'budget': 5000}, 'product': {'available': False, 'budget': 100}, 'royalty': {'available': False, 'budget': 10}, 'equity': {'available': False, 'budget': 10}}",2020-06-26 00:05:00,2020-06-26 00:05:00,False,False,True,False,False,,True,5000,False,100,False,10.0,False,10.0,2020-06-26 00:00:00,0,2020-06-26 00:05:00,Not Indicated,United States,False,
5e790eabbba5ce0de33cd960,5e6f9dd6a097a90ddd63bd48,"{'cash': {'available': True, 'budget': 0}, 'product': {'available': True, 'budget': 0}, 'royalty': {'available': False, 'budget': 0}, 'equity': {'available': False, 'budget': 0}}",2020-03-23 19:31:00,2020-03-23 19:31:00,False,False,True,False,False,,True,0,True,0,False,0.0,False,0.0,2020-03-16 15:40:00,0,2020-06-05 05:27:00,Not Indicated,United States,False,
5cffbac7aa9239460521496d,5ced481646ea1f5c72de4bf6,"{'cash': {'available': True, 'budget': 250}, 'product': {'available': True, 'budget': 300}, 'royalty': {'available': True, 'budget': 15}, 'equity': {'available': False, 'budget': 0}}",2019-06-27 15:23:00,2019-06-11 14:29:00,True,False,False,False,False,2019-06-11 21:08:00,True,250,True,300,True,15.0,False,0.0,2019-05-28 14:39:00,0,2019-10-07 16:33:00,Not Indicated,Canada,True,15 days 18:15:00
5e45b0dd8ac2680de7486180,5e45acf51f436b0de03679f3,"{'cash': {'available': True, 'budget': 1000}, 'product': {'available': True, 'budget': 450}, 'royalty': {'available': False, 'budget': 0}, 'equity': {'available': False, 'budget': 0}}",2020-02-14 17:10:00,2020-02-13 20:26:00,True,False,False,True,False,2020-02-14 17:05:00,True,1000,True,450,False,0.0,False,0.0,2020-02-13 20:09:00,0,2021-10-08 01:00:00,Not Indicated,United States,True,0 days 00:05:00
